cmake/BackendSelection.cmake	cmake/RendererSelection.cmake
cmake/Tests/CrossBackendBenchmark.cmake	cmake/Tests/CrossRendererBenchmark.cmake
docs/ascii-backend.md	docs/ascii-renderer.md
docs/canvas-backend.md	docs/canvas-renderer.md
docs/d3d10-backend.md	docs/d3d10-renderer.md
docs/d3d11-backend.md	docs/d3d11-renderer.md
docs/d3d12-backend.md	docs/d3d12-renderer.md
docs/d3d9-backend.md	docs/d3d9-renderer.md
docs/diligent-backend.md	docs/diligent-renderer.md
docs/direct2d-backend.md	docs/direct2d-renderer.md
docs/directx-legacy-backends-analysis.md	docs/directx-legacy-renderers-analysis.md
docs/dx1-backend.md	docs/dx1-renderer.md
docs/dx2-backend.md	docs/dx2-renderer.md
docs/dx3-backend.md	docs/dx3-renderer.md
docs/dx5-backend.md	docs/dx5-renderer.md
docs/dx6-backend.md	docs/dx6-renderer.md
docs/dx7-backend.md	docs/dx7-renderer.md
docs/dx8-backend.md	docs/dx8-renderer.md
docs/freedirect-backend.md	docs/freedirect-renderer.md
docs/gdi-backend.md	docs/gdi-renderer.md
docs/glide-backend.md	docs/glide-renderer.md
docs/graphics-backend-feature-matrix.md	docs/graphics-renderer-feature-matrix.md
docs/headless-backend.md	docs/headless-renderer.md
docs/html-dom-backend.md	docs/html-dom-renderer.md
docs/llgl-backend.md	docs/llgl-renderer.md
docs/magnum-backend.md	docs/magnum-renderer.md
docs/metal-backend.md	docs/metal-renderer.md
docs/opengl1-backend.md	docs/opengl1-renderer.md
docs/opengl2-backend.md	docs/opengl2-renderer.md
docs/opengl33-backend.md	docs/opengl33-renderer.md
docs/opengl4-backend.md	docs/opengl4-renderer.md
docs/opengles1-backend.md	docs/opengles1-renderer.md
docs/skia-backend.md	docs/skia-renderer.md
docs/software-backend.md	docs/software-renderer.md
docs/sokol-backend.md	docs/sokol-renderer.md
docs/stub-backend.md	docs/stub-renderer.md
docs/webgl1-backend.md	docs/webgl1-renderer.md
docs/webgl2-backend.md	docs/webgl2-renderer.md
docs/webgpu-backend.md	docs/webgpu-renderer.md
docs/wicked-backend.md	docs/wicked-renderer.md
examples/cross_backend_diagnostic_compare.cpp	examples/cross_renderer_diagnostic_compare.cpp
examples/cross_backend_diagnostic_scene.cpp	examples/cross_renderer_diagnostic_scene.cpp
examples/d3d9_effectbackend_test.cpp	examples/d3d9_effectrenderer_test.cpp
examples/graphics_backend_benchmark.cpp	examples/graphics_renderer_benchmark.cpp
examples/headless_resource_backends_test.cpp	examples/headless_resource_renderers_test.cpp
modules/core/include/CNA/GraphicsBackendType.hpp	modules/core/include/CNA/GraphicsRendererType.hpp
modules/graphics/include/CNA/Internal/Backends/Common/IGraphicsBackend.hpp	modules/graphics/include/CNA/Internal/Renderers/Common/IGraphicsRenderer.hpp
modules/graphics/include/CNA/Internal/Backends/Common/NoOp3DResources.hpp	modules/graphics/include/CNA/Internal/Renderers/Common/NoOp3DResources.hpp
modules/graphics/include/CNA/Internal/Backends/Common/NotYetImplemented.hpp	modules/graphics/include/CNA/Internal/Renderers/Common/NotYetImplemented.hpp
modules/graphics/tests/CNA/GraphicsBackendTypeTests.cpp	modules/graphics/tests/CNA/GraphicsRendererTypeTests.cpp
modules/graphics/tests/Microsoft/Xna/Framework/Graphics/GraphicsDeviceBackendTests.cpp	modules/graphics/tests/Microsoft/Xna/Framework/Graphics/GraphicsDeviceRendererTests.cpp
modules/graphics/tests/Microsoft/Xna/Framework/Graphics/RecordingSpriteBatchBackend.hpp	modules/graphics/tests/Microsoft/Xna/Framework/Graphics/RecordingSpriteBatchRenderer.hpp
modules/graphics/tests/Microsoft/Xna/Framework/GraphicsBackendCompileDefinitionTests.cpp	modules/graphics/tests/Microsoft/Xna/Framework/GraphicsRendererCompileDefinitionTests.cpp
modules/renderers/ascii/include/CNA/Internal/Backends/Ascii/AsciiFontAtlas.hpp	modules/renderers/ascii/include/CNA/Internal/Renderers/Ascii/AsciiFontAtlas.hpp
modules/renderers/ascii/include/CNA/Internal/Backends/Ascii/AsciiGraphicsBackend.hpp	modules/renderers/ascii/include/CNA/Internal/Renderers/Ascii/AsciiRenderer.hpp
modules/renderers/ascii/include/CNA/Internal/Backends/Ascii/AsciiQuantizer.hpp	modules/renderers/ascii/include/CNA/Internal/Renderers/Ascii/AsciiQuantizer.hpp
modules/renderers/ascii/src/AsciiGraphicsBackend.cpp	modules/renderers/ascii/src/AsciiRenderer.cpp
modules/renderers/bgfx/include/CNA/Internal/Backends/Bgfx/BgfxGraphicsBackend.hpp	modules/renderers/bgfx/include/CNA/Internal/Renderers/Bgfx/BgfxRenderer.hpp
modules/renderers/bgfx/include/CNA/Internal/Backends/Bgfx/BgfxVertexFormatHelper.hpp	modules/renderers/bgfx/include/CNA/Internal/Renderers/Bgfx/BgfxVertexFormatHelper.hpp
modules/renderers/bgfx/src/BgfxGraphicsBackend.cpp	modules/renderers/bgfx/src/BgfxRenderer.cpp
modules/renderers/canvas/include/CNA/Internal/Backends/Canvas/CanvasGraphicsBackend.hpp	modules/renderers/canvas/include/CNA/Internal/Renderers/Canvas/CanvasRenderer.hpp
modules/renderers/canvas/include/CNA/Internal/Backends/Canvas/CanvasRenderTargetBackend.hpp	modules/renderers/canvas/include/CNA/Internal/Renderers/Canvas/CanvasRenderTargetRenderer.hpp
modules/renderers/canvas/include/CNA/Internal/Backends/Canvas/CanvasSpriteBatchBackend.hpp	modules/renderers/canvas/include/CNA/Internal/Renderers/Canvas/CanvasSpriteBatchRenderer.hpp
modules/renderers/canvas/include/CNA/Internal/Backends/Canvas/CanvasTextureBackend.hpp	modules/renderers/canvas/include/CNA/Internal/Renderers/Canvas/CanvasTextureRenderer.hpp
modules/renderers/canvas/src/CanvasGraphicsBackend.cpp	modules/renderers/canvas/src/CanvasRenderer.cpp
modules/renderers/canvas/src/CanvasRenderTargetBackend.cpp	modules/renderers/canvas/src/CanvasRenderTargetRenderer.cpp
modules/renderers/canvas/src/CanvasSpriteBatchBackend.cpp	modules/renderers/canvas/src/CanvasSpriteBatchRenderer.cpp
modules/renderers/canvas/src/CanvasTextureBackend.cpp	modules/renderers/canvas/src/CanvasTextureRenderer.cpp
modules/renderers/canvas/tests/CNA/Internal/Backends/Canvas/CanvasGraphicsBackendTests.cpp	modules/renderers/canvas/tests/CNA/Internal/Renderers/Canvas/CanvasRendererTests.cpp
modules/renderers/common/d3d/include/CNA/Internal/Backends/D3DCommon/D3DConstantBuffers.hpp	modules/renderers/common/d3d/include/CNA/Internal/Renderers/D3DCommon/D3DConstantBuffers.hpp
modules/renderers/common/d3d/include/CNA/Internal/Backends/D3DCommon/D3DFormatMapping.hpp	modules/renderers/common/d3d/include/CNA/Internal/Renderers/D3DCommon/D3DFormatMapping.hpp
modules/renderers/common/d3d/include/CNA/Internal/Backends/D3DCommon/D3DShaderCache.hpp	modules/renderers/common/d3d/include/CNA/Internal/Renderers/D3DCommon/D3DShaderCache.hpp
modules/renderers/common/d3d/include/CNA/Internal/Backends/D3DCommon/D3DStateMapping.hpp	modules/renderers/common/d3d/include/CNA/Internal/Renderers/D3DCommon/D3DStateMapping.hpp
modules/renderers/common/d3d/include/CNA/Internal/Backends/D3DCommon/D3DVertexFormatHelper.hpp	modules/renderers/common/d3d/include/CNA/Internal/Renderers/D3DCommon/D3DVertexFormatHelper.hpp
modules/renderers/d3d10/include/CNA/Internal/Backends/D3D10/D3D10GraphicsBackend.hpp	modules/renderers/d3d10/include/CNA/Internal/Renderers/D3D10/D3D10Renderer.hpp
modules/renderers/d3d10/src/D3D10GraphicsBackend.cpp	modules/renderers/d3d10/src/D3D10Renderer.cpp
modules/renderers/d3d11/include/CNA/Internal/Backends/D3D11/D3D11Buffers.hpp	modules/renderers/d3d11/include/CNA/Internal/Renderers/D3D11/D3D11Buffers.hpp
modules/renderers/d3d11/include/CNA/Internal/Backends/D3D11/D3D11EffectBackend.hpp	modules/renderers/d3d11/include/CNA/Internal/Renderers/D3D11/D3D11EffectRenderer.hpp
modules/renderers/d3d11/include/CNA/Internal/Backends/D3D11/D3D11GraphicsBackend.hpp	modules/renderers/d3d11/include/CNA/Internal/Renderers/D3D11/D3D11Renderer.hpp
modules/renderers/d3d11/include/CNA/Internal/Backends/D3D11/D3D11InputLayoutCache.hpp	modules/renderers/d3d11/include/CNA/Internal/Renderers/D3D11/D3D11InputLayoutCache.hpp
modules/renderers/d3d11/include/CNA/Internal/Backends/D3D11/D3D11OcclusionQuery.hpp	modules/renderers/d3d11/include/CNA/Internal/Renderers/D3D11/D3D11OcclusionQuery.hpp
modules/renderers/d3d11/include/CNA/Internal/Backends/D3D11/D3D11RenderTargets.hpp	modules/renderers/d3d11/include/CNA/Internal/Renderers/D3D11/D3D11RenderTargets.hpp
modules/renderers/d3d11/include/CNA/Internal/Backends/D3D11/D3D11SamplerCache.hpp	modules/renderers/d3d11/include/CNA/Internal/Renderers/D3D11/D3D11SamplerCache.hpp
modules/renderers/d3d11/include/CNA/Internal/Backends/D3D11/D3D11SpriteBatch.hpp	modules/renderers/d3d11/include/CNA/Internal/Renderers/D3D11/D3D11SpriteBatch.hpp
modules/renderers/d3d11/include/CNA/Internal/Backends/D3D11/D3D11StateObjectCache.hpp	modules/renderers/d3d11/include/CNA/Internal/Renderers/D3D11/D3D11StateObjectCache.hpp
modules/renderers/d3d11/include/CNA/Internal/Backends/D3D11/D3D11Textures.hpp	modules/renderers/d3d11/include/CNA/Internal/Renderers/D3D11/D3D11Textures.hpp
modules/renderers/d3d11/src/D3D11EffectBackend.cpp	modules/renderers/d3d11/src/D3D11EffectRenderer.cpp
modules/renderers/d3d11/src/D3D11GraphicsBackend.cpp	modules/renderers/d3d11/src/D3D11Renderer.cpp
modules/renderers/d3d12/include/CNA/Internal/Backends/D3D12/D3D12Buffers.hpp	modules/renderers/d3d12/include/CNA/Internal/Renderers/D3D12/D3D12Buffers.hpp
modules/renderers/d3d12/include/CNA/Internal/Backends/D3D12/D3D12DescriptorHeaps.hpp	modules/renderers/d3d12/include/CNA/Internal/Renderers/D3D12/D3D12DescriptorHeaps.hpp
modules/renderers/d3d12/include/CNA/Internal/Backends/D3D12/D3D12EffectBackend.hpp	modules/renderers/d3d12/include/CNA/Internal/Renderers/D3D12/D3D12EffectRenderer.hpp
modules/renderers/d3d12/include/CNA/Internal/Backends/D3D12/D3D12GraphicsBackend.hpp	modules/renderers/d3d12/include/CNA/Internal/Renderers/D3D12/D3D12Renderer.hpp
modules/renderers/d3d12/include/CNA/Internal/Backends/D3D12/D3D12OcclusionQuery.hpp	modules/renderers/d3d12/include/CNA/Internal/Renderers/D3D12/D3D12OcclusionQuery.hpp
modules/renderers/d3d12/include/CNA/Internal/Backends/D3D12/D3D12PipelineStateCache.hpp	modules/renderers/d3d12/include/CNA/Internal/Renderers/D3D12/D3D12PipelineStateCache.hpp
modules/renderers/d3d12/include/CNA/Internal/Backends/D3D12/D3D12RenderTargets.hpp	modules/renderers/d3d12/include/CNA/Internal/Renderers/D3D12/D3D12RenderTargets.hpp
modules/renderers/d3d12/include/CNA/Internal/Backends/D3D12/D3D12ResourceStateTracker.hpp	modules/renderers/d3d12/include/CNA/Internal/Renderers/D3D12/D3D12ResourceStateTracker.hpp
modules/renderers/d3d12/include/CNA/Internal/Backends/D3D12/D3D12RootSignatureCache.hpp	modules/renderers/d3d12/include/CNA/Internal/Renderers/D3D12/D3D12RootSignatureCache.hpp
modules/renderers/d3d12/include/CNA/Internal/Backends/D3D12/D3D12SamplerCache.hpp	modules/renderers/d3d12/include/CNA/Internal/Renderers/D3D12/D3D12SamplerCache.hpp
modules/renderers/d3d12/include/CNA/Internal/Backends/D3D12/D3D12SpriteBatch.hpp	modules/renderers/d3d12/include/CNA/Internal/Renderers/D3D12/D3D12SpriteBatch.hpp
modules/renderers/d3d12/include/CNA/Internal/Backends/D3D12/D3D12Texture3D.hpp	modules/renderers/d3d12/include/CNA/Internal/Renderers/D3D12/D3D12Texture3D.hpp
modules/renderers/d3d12/include/CNA/Internal/Backends/D3D12/D3D12TextureCube.hpp	modules/renderers/d3d12/include/CNA/Internal/Renderers/D3D12/D3D12TextureCube.hpp
modules/renderers/d3d12/include/CNA/Internal/Backends/D3D12/D3D12Textures.hpp	modules/renderers/d3d12/include/CNA/Internal/Renderers/D3D12/D3D12Textures.hpp
modules/renderers/d3d12/src/D3D12EffectBackend.cpp	modules/renderers/d3d12/src/D3D12EffectRenderer.cpp
modules/renderers/d3d12/src/D3D12GraphicsBackend.cpp	modules/renderers/d3d12/src/D3D12Renderer.cpp
modules/renderers/d3d9/include/CNA/Internal/Backends/D3D9/D3D9Buffers.hpp	modules/renderers/d3d9/include/CNA/Internal/Renderers/D3D9/D3D9Buffers.hpp
modules/renderers/d3d9/include/CNA/Internal/Backends/D3D9/D3D9ConstantTable.hpp	modules/renderers/d3d9/include/CNA/Internal/Renderers/D3D9/D3D9ConstantTable.hpp
modules/renderers/d3d9/include/CNA/Internal/Backends/D3D9/D3D9ConstantUpload.hpp	modules/renderers/d3d9/include/CNA/Internal/Renderers/D3D9/D3D9ConstantUpload.hpp
modules/renderers/d3d9/include/CNA/Internal/Backends/D3D9/D3D9DefaultPoolResourceEXT.hpp	modules/renderers/d3d9/include/CNA/Internal/Renderers/D3D9/D3D9DefaultPoolResourceEXT.hpp
modules/renderers/d3d9/include/CNA/Internal/Backends/D3D9/D3D9EffectBackend.hpp	modules/renderers/d3d9/include/CNA/Internal/Renderers/D3D9/D3D9EffectRenderer.hpp
modules/renderers/d3d9/include/CNA/Internal/Backends/D3D9/D3D9FormatMapping.hpp	modules/renderers/d3d9/include/CNA/Internal/Renderers/D3D9/D3D9FormatMapping.hpp
modules/renderers/d3d9/include/CNA/Internal/Backends/D3D9/D3D9GraphicsBackend.hpp	modules/renderers/d3d9/include/CNA/Internal/Renderers/D3D9/D3D9Renderer.hpp
modules/renderers/d3d9/include/CNA/Internal/Backends/D3D9/D3D9OcclusionQuery.hpp	modules/renderers/d3d9/include/CNA/Internal/Renderers/D3D9/D3D9OcclusionQuery.hpp
modules/renderers/d3d9/include/CNA/Internal/Backends/D3D9/D3D9ProfileCapabilities.hpp	modules/renderers/d3d9/include/CNA/Internal/Renderers/D3D9/D3D9ProfileCapabilities.hpp
modules/renderers/d3d9/include/CNA/Internal/Backends/D3D9/D3D9RenderTargets.hpp	modules/renderers/d3d9/include/CNA/Internal/Renderers/D3D9/D3D9RenderTargets.hpp
modules/renderers/d3d9/include/CNA/Internal/Backends/D3D9/D3D9ShaderCache.hpp	modules/renderers/d3d9/include/CNA/Internal/Renderers/D3D9/D3D9ShaderCache.hpp
modules/renderers/d3d9/include/CNA/Internal/Backends/D3D9/D3D9ShaderDispatch.hpp	modules/renderers/d3d9/include/CNA/Internal/Renderers/D3D9/D3D9ShaderDispatch.hpp
modules/renderers/d3d9/include/CNA/Internal/Backends/D3D9/D3D9SpriteBatch.hpp	modules/renderers/d3d9/include/CNA/Internal/Renderers/D3D9/D3D9SpriteBatch.hpp
modules/renderers/d3d9/include/CNA/Internal/Backends/D3D9/D3D9StateMapping.hpp	modules/renderers/d3d9/include/CNA/Internal/Renderers/D3D9/D3D9StateMapping.hpp
modules/renderers/d3d9/include/CNA/Internal/Backends/D3D9/D3D9Textures.hpp	modules/renderers/d3d9/include/CNA/Internal/Renderers/D3D9/D3D9Textures.hpp
modules/renderers/d3d9/include/CNA/Internal/Backends/D3D9/D3D9VertexDeclarations.hpp	modules/renderers/d3d9/include/CNA/Internal/Renderers/D3D9/D3D9VertexDeclarations.hpp
modules/renderers/d3d9/include/CNA/Internal/Backends/D3D9/shaders/D3D9ShaderRegisters.hpp	modules/renderers/d3d9/include/CNA/Internal/Renderers/D3D9/shaders/D3D9ShaderRegisters.hpp
modules/renderers/d3d9/src/D3D9EffectBackend.cpp	modules/renderers/d3d9/src/D3D9EffectRenderer.cpp
modules/renderers/d3d9/src/D3D9GraphicsBackend.cpp	modules/renderers/d3d9/src/D3D9Renderer.cpp
modules/renderers/diligent/include/CNA/Internal/Backends/Diligent/DiligentDeviceSelection.hpp	modules/renderers/diligent/include/CNA/Internal/Renderers/Diligent/DiligentDeviceSelection.hpp
modules/renderers/diligent/include/CNA/Internal/Backends/Diligent/DiligentGraphicsBackend.hpp	modules/renderers/diligent/include/CNA/Internal/Renderers/Diligent/DiligentRenderer.hpp
modules/renderers/diligent/include/CNA/Internal/Backends/Diligent/DiligentShaderSources.hpp	modules/renderers/diligent/include/CNA/Internal/Renderers/Diligent/DiligentShaderSources.hpp
modules/renderers/diligent/src/DiligentGraphicsBackend.cpp	modules/renderers/diligent/src/DiligentRenderer.cpp
modules/renderers/diligent/tests/CNA/Internal/Backends/Diligent/DiligentDeviceSelectionTests.cpp	modules/renderers/diligent/tests/CNA/Internal/Renderers/Diligent/DiligentDeviceSelectionTests.cpp
modules/renderers/direct2d/include/CNA/Internal/Backends/Direct2D/Direct2DGraphicsBackend.hpp	modules/renderers/direct2d/include/CNA/Internal/Renderers/Direct2D/Direct2DRenderer.hpp
modules/renderers/direct2d/src/Direct2DGraphicsBackend.cpp	modules/renderers/direct2d/src/Direct2DRenderer.cpp
modules/renderers/direct2d/tests/CNA/Internal/Backends/Direct2D/Direct2DGraphicsBackendTests.cpp	modules/renderers/direct2d/tests/CNA/Internal/Renderers/Direct2D/Direct2DRendererTests.cpp
modules/renderers/dx1/include/CNA/Internal/Backends/Dx1/Dx1GraphicsBackend.hpp	modules/renderers/dx1/include/CNA/Internal/Renderers/Dx1/Dx1Renderer.hpp
modules/renderers/dx1/src/Dx1GraphicsBackend.cpp	modules/renderers/dx1/src/Dx1Renderer.cpp
modules/renderers/dx2/include/CNA/Internal/Backends/Dx2/Dx2GraphicsBackend.hpp	modules/renderers/dx2/include/CNA/Internal/Renderers/Dx2/Dx2Renderer.hpp
modules/renderers/dx2/src/Dx2GraphicsBackend.cpp	modules/renderers/dx2/src/Dx2Renderer.cpp
modules/renderers/dx3/include/CNA/Internal/Backends/Dx3/Dx3GraphicsBackend.hpp	modules/renderers/dx3/include/CNA/Internal/Renderers/Dx3/Dx3Renderer.hpp
modules/renderers/dx3/src/Dx3GraphicsBackend.cpp	modules/renderers/dx3/src/Dx3Renderer.cpp
modules/renderers/dx5/include/CNA/Internal/Backends/Dx5/Dx5GraphicsBackend.hpp	modules/renderers/dx5/include/CNA/Internal/Renderers/Dx5/Dx5Renderer.hpp
modules/renderers/dx5/src/Dx5GraphicsBackend.cpp	modules/renderers/dx5/src/Dx5Renderer.cpp
modules/renderers/dx6/include/CNA/Internal/Backends/Dx6/Dx6GraphicsBackend.hpp	modules/renderers/dx6/include/CNA/Internal/Renderers/Dx6/Dx6Renderer.hpp
modules/renderers/dx6/src/Dx6GraphicsBackend.cpp	modules/renderers/dx6/src/Dx6Renderer.cpp
modules/renderers/dx7/include/CNA/Internal/Backends/Dx7/Dx7GraphicsBackend.hpp	modules/renderers/dx7/include/CNA/Internal/Renderers/Dx7/Dx7Renderer.hpp
modules/renderers/dx7/src/Dx7GraphicsBackend.cpp	modules/renderers/dx7/src/Dx7Renderer.cpp
modules/renderers/dx8/include/CNA/Internal/Backends/Dx8/Dx8GraphicsBackend.hpp	modules/renderers/dx8/include/CNA/Internal/Renderers/Dx8/Dx8Renderer.hpp
modules/renderers/dx8/src/Dx8GraphicsBackend.cpp	modules/renderers/dx8/src/Dx8Renderer.cpp
modules/renderers/easygl/include/CNA/Internal/Backends/EasyGL/EasyGLGraphicsBackend.hpp	modules/renderers/easygl/include/CNA/Internal/Renderers/EasyGL/EasyGLRenderer.hpp
modules/renderers/easygl/src/EasyGLGraphicsBackend.cpp	modules/renderers/easygl/src/EasyGLRenderer.cpp
modules/renderers/easygl/tests/CNA/Internal/Backends/EasyGL/EasyGLGraphicsBackendTests.cpp	modules/renderers/easygl/tests/CNA/Internal/Renderers/EasyGL/EasyGLRendererTests.cpp
modules/renderers/freedirect/include/CNA/Internal/Backends/FreeDirect/FreeDirectGraphicsBackend.hpp	modules/renderers/freedirect/include/CNA/Internal/Renderers/FreeDirect/FreeDirectRenderer.hpp
modules/renderers/freedirect/src/FreeDirectGraphicsBackend.cpp	modules/renderers/freedirect/src/FreeDirectRenderer.cpp
modules/renderers/gdi/include/CNA/Internal/Backends/Gdi/GdiConfiguration.hpp	modules/renderers/gdi/include/CNA/Internal/Renderers/Gdi/GdiConfiguration.hpp
modules/renderers/gdi/include/CNA/Internal/Backends/Gdi/GdiGraphicsBackend.hpp	modules/renderers/gdi/include/CNA/Internal/Renderers/Gdi/GdiRenderer.hpp
modules/renderers/gdi/include/CNA/Internal/Backends/Gdi/GdiPresentation.hpp	modules/renderers/gdi/include/CNA/Internal/Renderers/Gdi/GdiPresentation.hpp
modules/renderers/gdi/src/GdiGraphicsBackend.cpp	modules/renderers/gdi/src/GdiRenderer.cpp
modules/renderers/glide/include/CNA/Internal/Backends/Glide/GlideAbi.hpp	modules/renderers/glide/include/CNA/Internal/Renderers/Glide/GlideAbi.hpp
modules/renderers/glide/include/CNA/Internal/Backends/Glide/GlideAbiLoader.hpp	modules/renderers/glide/include/CNA/Internal/Renderers/Glide/GlideAbiLoader.hpp
modules/renderers/glide/include/CNA/Internal/Backends/Glide/GlideBlendFactor.hpp	modules/renderers/glide/include/CNA/Internal/Renderers/Glide/GlideBlendFactor.hpp
modules/renderers/glide/include/CNA/Internal/Backends/Glide/GlideCapability.hpp	modules/renderers/glide/include/CNA/Internal/Renderers/Glide/GlideCapability.hpp
modules/renderers/glide/include/CNA/Internal/Backends/Glide/GlideDisplayModeSelection.hpp	modules/renderers/glide/include/CNA/Internal/Renderers/Glide/GlideDisplayModeSelection.hpp
modules/renderers/glide/include/CNA/Internal/Backends/Glide/GlideDrawValidation.hpp	modules/renderers/glide/include/CNA/Internal/Renderers/Glide/GlideDrawValidation.hpp
modules/renderers/glide/include/CNA/Internal/Backends/Glide/GlideExtensionCapabilities.hpp	modules/renderers/glide/include/CNA/Internal/Renderers/Glide/GlideExtensionCapabilities.hpp
modules/renderers/glide/include/CNA/Internal/Backends/Glide/GlideGraphicsBackend.hpp	modules/renderers/glide/include/CNA/Internal/Renderers/Glide/GlideRenderer.hpp
modules/renderers/glide/include/CNA/Internal/Backends/Glide/GlideLighting.hpp	modules/renderers/glide/include/CNA/Internal/Renderers/Glide/GlideLighting.hpp
modules/renderers/glide/include/CNA/Internal/Backends/Glide/GlidePrimitiveClip.hpp	modules/renderers/glide/include/CNA/Internal/Renderers/Glide/GlidePrimitiveClip.hpp
modules/renderers/glide/include/CNA/Internal/Backends/Glide/GlideTextureCoordinate.hpp	modules/renderers/glide/include/CNA/Internal/Renderers/Glide/GlideTextureCoordinate.hpp
modules/renderers/glide/include/CNA/Internal/Backends/Glide/GlideTextureEviction.hpp	modules/renderers/glide/include/CNA/Internal/Renderers/Glide/GlideTextureEviction.hpp
modules/renderers/glide/include/CNA/Internal/Backends/Glide/GlideTextureFormat.hpp	modules/renderers/glide/include/CNA/Internal/Renderers/Glide/GlideTextureFormat.hpp
modules/renderers/glide/include/CNA/Internal/Backends/Glide/GlideTextureMip.hpp	modules/renderers/glide/include/CNA/Internal/Renderers/Glide/GlideTextureMip.hpp
modules/renderers/glide/include/CNA/Internal/Backends/Glide/GlideVertexLayout.hpp	modules/renderers/glide/include/CNA/Internal/Renderers/Glide/GlideVertexLayout.hpp
modules/renderers/glide/src/GlideGraphicsBackend.cpp	modules/renderers/glide/src/GlideRenderer.cpp
modules/renderers/glide/tests/CNA/Internal/Backends/Glide/FakeGlide3xDll.cpp	modules/renderers/glide/tests/CNA/Internal/Renderers/Glide/FakeGlide3xDll.cpp
modules/renderers/glide/tests/CNA/Internal/Backends/Glide/GlideAbiLoaderTests.cpp	modules/renderers/glide/tests/CNA/Internal/Renderers/Glide/GlideAbiLoaderTests.cpp
modules/renderers/glide/tests/CNA/Internal/Backends/Glide/GlideBlendFactorTests.cpp	modules/renderers/glide/tests/CNA/Internal/Renderers/Glide/GlideBlendFactorTests.cpp
modules/renderers/glide/tests/CNA/Internal/Backends/Glide/GlideCapabilityTests.cpp	modules/renderers/glide/tests/CNA/Internal/Renderers/Glide/GlideCapabilityTests.cpp
modules/renderers/glide/tests/CNA/Internal/Backends/Glide/GlideDisplayModeSelectionTests.cpp	modules/renderers/glide/tests/CNA/Internal/Renderers/Glide/GlideDisplayModeSelectionTests.cpp
modules/renderers/glide/tests/CNA/Internal/Backends/Glide/GlideDrawValidationTests.cpp	modules/renderers/glide/tests/CNA/Internal/Renderers/Glide/GlideDrawValidationTests.cpp
modules/renderers/glide/tests/CNA/Internal/Backends/Glide/GlideExtensionCapabilitiesTests.cpp	modules/renderers/glide/tests/CNA/Internal/Renderers/Glide/GlideExtensionCapabilitiesTests.cpp
modules/renderers/glide/tests/CNA/Internal/Backends/Glide/GlideLightingTests.cpp	modules/renderers/glide/tests/CNA/Internal/Renderers/Glide/GlideLightingTests.cpp
modules/renderers/glide/tests/CNA/Internal/Backends/Glide/GlidePrimitiveClipTests.cpp	modules/renderers/glide/tests/CNA/Internal/Renderers/Glide/GlidePrimitiveClipTests.cpp
modules/renderers/glide/tests/CNA/Internal/Backends/Glide/GlideTextureCoordinateTests.cpp	modules/renderers/glide/tests/CNA/Internal/Renderers/Glide/GlideTextureCoordinateTests.cpp
modules/renderers/glide/tests/CNA/Internal/Backends/Glide/GlideTextureEvictionTests.cpp	modules/renderers/glide/tests/CNA/Internal/Renderers/Glide/GlideTextureEvictionTests.cpp
modules/renderers/glide/tests/CNA/Internal/Backends/Glide/GlideTextureFormatTests.cpp	modules/renderers/glide/tests/CNA/Internal/Renderers/Glide/GlideTextureFormatTests.cpp
modules/renderers/glide/tests/CNA/Internal/Backends/Glide/GlideTextureMipTests.cpp	modules/renderers/glide/tests/CNA/Internal/Renderers/Glide/GlideTextureMipTests.cpp
modules/renderers/glide/tests/CNA/Internal/Backends/Glide/GlideVertexLayoutTests.cpp	modules/renderers/glide/tests/CNA/Internal/Renderers/Glide/GlideVertexLayoutTests.cpp
modules/renderers/headless/include/CNA/Internal/Backends/Headless/HeadlessGraphicsBackend.hpp	modules/renderers/headless/include/CNA/Internal/Renderers/Headless/HeadlessRenderer.hpp
modules/renderers/headless/src/HeadlessGraphicsBackend.cpp	modules/renderers/headless/src/HeadlessRenderer.cpp
modules/renderers/html-dom/include/CNA/Internal/Backends/HtmlDom/HtmlDomGraphicsBackend.hpp	modules/renderers/html-dom/include/CNA/Internal/Renderers/HtmlDom/HtmlDomRenderer.hpp
modules/renderers/html-dom/include/CNA/Internal/Backends/HtmlDom/HtmlDomRenderTargetBackend.hpp	modules/renderers/html-dom/include/CNA/Internal/Renderers/HtmlDom/HtmlDomRenderTargetRenderer.hpp
modules/renderers/html-dom/include/CNA/Internal/Backends/HtmlDom/HtmlDomSpriteBatchBackend.hpp	modules/renderers/html-dom/include/CNA/Internal/Renderers/HtmlDom/HtmlDomSpriteBatchRenderer.hpp
modules/renderers/html-dom/include/CNA/Internal/Backends/HtmlDom/HtmlDomState.hpp	modules/renderers/html-dom/include/CNA/Internal/Renderers/HtmlDom/HtmlDomState.hpp
modules/renderers/html-dom/include/CNA/Internal/Backends/HtmlDom/HtmlDomTextureBackend.hpp	modules/renderers/html-dom/include/CNA/Internal/Renderers/HtmlDom/HtmlDomTextureRenderer.hpp
modules/renderers/html-dom/src/HtmlDomGraphicsBackend.cpp	modules/renderers/html-dom/src/HtmlDomRenderer.cpp
modules/renderers/html-dom/src/HtmlDomRenderTargetBackend.cpp	modules/renderers/html-dom/src/HtmlDomRenderTargetRenderer.cpp
modules/renderers/html-dom/src/HtmlDomSpriteBatchBackend.cpp	modules/renderers/html-dom/src/HtmlDomSpriteBatchRenderer.cpp
modules/renderers/html-dom/src/HtmlDomTextureBackend.cpp	modules/renderers/html-dom/src/HtmlDomTextureRenderer.cpp
modules/renderers/html-dom/tests/CNA/Internal/Backends/HtmlDom/HtmlDomGraphicsBackendTests.cpp	modules/renderers/html-dom/tests/CNA/Internal/Renderers/HtmlDom/HtmlDomRendererTests.cpp
modules/renderers/llgl/include/CNA/Internal/Backends/Llgl/LlglGraphicsBackend.hpp	modules/renderers/llgl/include/CNA/Internal/Renderers/Llgl/LlglRenderer.hpp
modules/renderers/llgl/include/CNA/Internal/Backends/Llgl/LlglRendererSelection.hpp	modules/renderers/llgl/include/CNA/Internal/Renderers/Llgl/LlglRendererSelection.hpp
modules/renderers/llgl/include/CNA/Internal/Backends/Llgl/LlglSdlSurface.hpp	modules/renderers/llgl/include/CNA/Internal/Renderers/Llgl/LlglSdlSurface.hpp
modules/renderers/llgl/src/LlglGraphicsBackend.cpp	modules/renderers/llgl/src/LlglRenderer.cpp
modules/renderers/llgl/tests/CNA/Internal/Backends/Llgl/LlglSdlSurfaceTests.cpp	modules/renderers/llgl/tests/CNA/Internal/Renderers/Llgl/LlglSdlSurfaceTests.cpp
modules/renderers/magnum/include/CNA/Internal/Backends/Magnum/MagnumBuffers.hpp	modules/renderers/magnum/include/CNA/Internal/Renderers/Magnum/MagnumBuffers.hpp
modules/renderers/magnum/include/CNA/Internal/Backends/Magnum/MagnumEffectBackend.hpp	modules/renderers/magnum/include/CNA/Internal/Renderers/Magnum/MagnumEffectRenderer.hpp
modules/renderers/magnum/include/CNA/Internal/Backends/Magnum/MagnumGraphicsBackend.hpp	modules/renderers/magnum/include/CNA/Internal/Renderers/Magnum/MagnumRenderer.hpp
modules/renderers/magnum/include/CNA/Internal/Backends/Magnum/MagnumProgram.hpp	modules/renderers/magnum/include/CNA/Internal/Renderers/Magnum/MagnumProgram.hpp
modules/renderers/magnum/include/CNA/Internal/Backends/Magnum/MagnumRenderTargets.hpp	modules/renderers/magnum/include/CNA/Internal/Renderers/Magnum/MagnumRenderTargets.hpp
modules/renderers/magnum/include/CNA/Internal/Backends/Magnum/MagnumSpriteBatchBackend.hpp	modules/renderers/magnum/include/CNA/Internal/Renderers/Magnum/MagnumSpriteBatchRenderer.hpp
modules/renderers/magnum/include/CNA/Internal/Backends/Magnum/MagnumStateMapping.hpp	modules/renderers/magnum/include/CNA/Internal/Renderers/Magnum/MagnumStateMapping.hpp
modules/renderers/magnum/include/CNA/Internal/Backends/Magnum/MagnumStockShaders.hpp	modules/renderers/magnum/include/CNA/Internal/Renderers/Magnum/MagnumStockShaders.hpp
modules/renderers/magnum/include/CNA/Internal/Backends/Magnum/MagnumTextures.hpp	modules/renderers/magnum/include/CNA/Internal/Renderers/Magnum/MagnumTextures.hpp
modules/renderers/magnum/src/MagnumEffectBackend.cpp	modules/renderers/magnum/src/MagnumEffectRenderer.cpp
modules/renderers/magnum/src/MagnumGraphicsBackend.cpp	modules/renderers/magnum/src/MagnumRenderer.cpp
modules/renderers/magnum/src/MagnumSpriteBatchBackend.cpp	modules/renderers/magnum/src/MagnumSpriteBatchRenderer.cpp
modules/renderers/magnum/tests/CNA/Internal/Backends/Magnum/MagnumGraphicsBackendTests.cpp	modules/renderers/magnum/tests/CNA/Internal/Renderers/Magnum/MagnumRendererTests.cpp
modules/renderers/metal/include/CNA/Internal/Backends/Metal/MetalBlend.hpp	modules/renderers/metal/include/CNA/Internal/Renderers/Metal/MetalBlend.hpp
modules/renderers/metal/include/CNA/Internal/Backends/Metal/MetalBlendFunction.hpp	modules/renderers/metal/include/CNA/Internal/Renderers/Metal/MetalBlendFunction.hpp
modules/renderers/metal/include/CNA/Internal/Backends/Metal/MetalCommandFailure.hpp	modules/renderers/metal/include/CNA/Internal/Renderers/Metal/MetalCommandFailure.hpp
modules/renderers/metal/include/CNA/Internal/Backends/Metal/MetalCompareFunction.hpp	modules/renderers/metal/include/CNA/Internal/Renderers/Metal/MetalCompareFunction.hpp
modules/renderers/metal/include/CNA/Internal/Backends/Metal/MetalCullMode.hpp	modules/renderers/metal/include/CNA/Internal/Renderers/Metal/MetalCullMode.hpp
modules/renderers/metal/include/CNA/Internal/Backends/Metal/MetalDepthPolicy.hpp	modules/renderers/metal/include/CNA/Internal/Renderers/Metal/MetalDepthPolicy.hpp
modules/renderers/metal/include/CNA/Internal/Backends/Metal/MetalGraphicsBackend.hpp	modules/renderers/metal/include/CNA/Internal/Renderers/Metal/MetalRenderer.hpp
modules/renderers/metal/include/CNA/Internal/Backends/Metal/MetalLogicalViewport.hpp	modules/renderers/metal/include/CNA/Internal/Renderers/Metal/MetalLogicalViewport.hpp
modules/renderers/metal/include/CNA/Internal/Backends/Metal/MetalMat4.hpp	modules/renderers/metal/include/CNA/Internal/Renderers/Metal/MetalMat4.hpp
modules/renderers/metal/include/CNA/Internal/Backends/Metal/MetalNormalMatrix.hpp	modules/renderers/metal/include/CNA/Internal/Renderers/Metal/MetalNormalMatrix.hpp
modules/renderers/metal/include/CNA/Internal/Backends/Metal/MetalPipelineKey.hpp	modules/renderers/metal/include/CNA/Internal/Renderers/Metal/MetalPipelineKey.hpp
modules/renderers/metal/include/CNA/Internal/Backends/Metal/MetalPolicy.hpp	modules/renderers/metal/include/CNA/Internal/Renderers/Metal/MetalPolicy.hpp
modules/renderers/metal/include/CNA/Internal/Backends/Metal/MetalPrimitiveVertexCount.hpp	modules/renderers/metal/include/CNA/Internal/Renderers/Metal/MetalPrimitiveVertexCount.hpp
modules/renderers/metal/include/CNA/Internal/Backends/Metal/MetalRasterState.hpp	modules/renderers/metal/include/CNA/Internal/Renderers/Metal/MetalRasterState.hpp
modules/renderers/metal/include/CNA/Internal/Backends/Metal/MetalResourcePolicy.hpp	modules/renderers/metal/include/CNA/Internal/Renderers/Metal/MetalResourcePolicy.hpp
modules/renderers/metal/include/CNA/Internal/Backends/Metal/MetalRetainedResource.hpp	modules/renderers/metal/include/CNA/Internal/Renderers/Metal/MetalRetainedResource.hpp
modules/renderers/metal/include/CNA/Internal/Backends/Metal/MetalSamplerFilter.hpp	modules/renderers/metal/include/CNA/Internal/Renderers/Metal/MetalSamplerFilter.hpp
modules/renderers/metal/include/CNA/Internal/Backends/Metal/MetalSelectPipelineKind.hpp	modules/renderers/metal/include/CNA/Internal/Renderers/Metal/MetalSelectPipelineKind.hpp
modules/renderers/metal/include/CNA/Internal/Backends/Metal/MetalStencilOperation.hpp	modules/renderers/metal/include/CNA/Internal/Renderers/Metal/MetalStencilOperation.hpp
modules/renderers/metal/include/CNA/Internal/Backends/Metal/MetalTextureBindingPolicy.hpp	modules/renderers/metal/include/CNA/Internal/Renderers/Metal/MetalTextureBindingPolicy.hpp
modules/renderers/metal/include/CNA/Internal/Backends/Metal/MetalTextureTransfer.hpp	modules/renderers/metal/include/CNA/Internal/Renderers/Metal/MetalTextureTransfer.hpp
modules/renderers/metal/include/CNA/Internal/Backends/Metal/MetalUniformFill.hpp	modules/renderers/metal/include/CNA/Internal/Renderers/Metal/MetalUniformFill.hpp
modules/renderers/metal/include/CNA/Internal/Backends/Metal/MetalVertexAttribFormat.hpp	modules/renderers/metal/include/CNA/Internal/Renderers/Metal/MetalVertexAttribFormat.hpp
modules/renderers/metal/include/CNA/Internal/Backends/Metal/MetalVertexDeclarationPolicy.hpp	modules/renderers/metal/include/CNA/Internal/Renderers/Metal/MetalVertexDeclarationPolicy.hpp
modules/renderers/metal/include/CNA/Internal/Backends/Metal/MetalVertexDescriptorPlan.hpp	modules/renderers/metal/include/CNA/Internal/Renderers/Metal/MetalVertexDescriptorPlan.hpp
modules/renderers/metal/src/MetalGraphicsBackend.mm	modules/renderers/metal/src/MetalRenderer.mm
modules/renderers/metal/tests/CNA/Internal/Backends/Metal/MetalBackendContractCompileTests.cpp	modules/renderers/metal/tests/CNA/Internal/Renderers/Metal/MetalRendererContractCompileTests.cpp
modules/renderers/metal/tests/CNA/Internal/Backends/Metal/MetalBlendFunctionTests.cpp	modules/renderers/metal/tests/CNA/Internal/Renderers/Metal/MetalBlendFunctionTests.cpp
modules/renderers/metal/tests/CNA/Internal/Backends/Metal/MetalBlendTests.cpp	modules/renderers/metal/tests/CNA/Internal/Renderers/Metal/MetalBlendTests.cpp
modules/renderers/metal/tests/CNA/Internal/Backends/Metal/MetalCommandFailureTests.cpp	modules/renderers/metal/tests/CNA/Internal/Renderers/Metal/MetalCommandFailureTests.cpp
modules/renderers/metal/tests/CNA/Internal/Backends/Metal/MetalCompareFunctionTests.cpp	modules/renderers/metal/tests/CNA/Internal/Renderers/Metal/MetalCompareFunctionTests.cpp
modules/renderers/metal/tests/CNA/Internal/Backends/Metal/MetalCullModeTests.cpp	modules/renderers/metal/tests/CNA/Internal/Renderers/Metal/MetalCullModeTests.cpp
modules/renderers/metal/tests/CNA/Internal/Backends/Metal/MetalDepthPolicyTests.cpp	modules/renderers/metal/tests/CNA/Internal/Renderers/Metal/MetalDepthPolicyTests.cpp
modules/renderers/metal/tests/CNA/Internal/Backends/Metal/MetalLogicalViewportTests.cpp	modules/renderers/metal/tests/CNA/Internal/Renderers/Metal/MetalLogicalViewportTests.cpp
modules/renderers/metal/tests/CNA/Internal/Backends/Metal/MetalMat4Tests.cpp	modules/renderers/metal/tests/CNA/Internal/Renderers/Metal/MetalMat4Tests.cpp
modules/renderers/metal/tests/CNA/Internal/Backends/Metal/MetalNormalMatrixTests.cpp	modules/renderers/metal/tests/CNA/Internal/Renderers/Metal/MetalNormalMatrixTests.cpp
modules/renderers/metal/tests/CNA/Internal/Backends/Metal/MetalPipelineKeyTests.cpp	modules/renderers/metal/tests/CNA/Internal/Renderers/Metal/MetalPipelineKeyTests.cpp
modules/renderers/metal/tests/CNA/Internal/Backends/Metal/MetalPolicyTests.cpp	modules/renderers/metal/tests/CNA/Internal/Renderers/Metal/MetalPolicyTests.cpp
modules/renderers/metal/tests/CNA/Internal/Backends/Metal/MetalPrimitiveVertexCountTests.cpp	modules/renderers/metal/tests/CNA/Internal/Renderers/Metal/MetalPrimitiveVertexCountTests.cpp
modules/renderers/metal/tests/CNA/Internal/Backends/Metal/MetalRasterStateTests.cpp	modules/renderers/metal/tests/CNA/Internal/Renderers/Metal/MetalRasterStateTests.cpp
modules/renderers/metal/tests/CNA/Internal/Backends/Metal/MetalResourceHealthTests.cpp	modules/renderers/metal/tests/CNA/Internal/Renderers/Metal/MetalResourceHealthTests.cpp
modules/renderers/metal/tests/CNA/Internal/Backends/Metal/MetalResourcePolicyTests.cpp	modules/renderers/metal/tests/CNA/Internal/Renderers/Metal/MetalResourcePolicyTests.cpp
modules/renderers/metal/tests/CNA/Internal/Backends/Metal/MetalRetainedResourceTests.cpp	modules/renderers/metal/tests/CNA/Internal/Renderers/Metal/MetalRetainedResourceTests.cpp
modules/renderers/metal/tests/CNA/Internal/Backends/Metal/MetalSamplerFilterTests.cpp	modules/renderers/metal/tests/CNA/Internal/Renderers/Metal/MetalSamplerFilterTests.cpp
modules/renderers/metal/tests/CNA/Internal/Backends/Metal/MetalSelectPipelineKindTests.cpp	modules/renderers/metal/tests/CNA/Internal/Renderers/Metal/MetalSelectPipelineKindTests.cpp
modules/renderers/metal/tests/CNA/Internal/Backends/Metal/MetalStencilOperationTests.cpp	modules/renderers/metal/tests/CNA/Internal/Renderers/Metal/MetalStencilOperationTests.cpp
modules/renderers/metal/tests/CNA/Internal/Backends/Metal/MetalTextureBindingPolicyTests.cpp	modules/renderers/metal/tests/CNA/Internal/Renderers/Metal/MetalTextureBindingPolicyTests.cpp
modules/renderers/metal/tests/CNA/Internal/Backends/Metal/MetalTextureTransferTests.cpp	modules/renderers/metal/tests/CNA/Internal/Renderers/Metal/MetalTextureTransferTests.cpp
modules/renderers/metal/tests/CNA/Internal/Backends/Metal/MetalUniformFillTests.cpp	modules/renderers/metal/tests/CNA/Internal/Renderers/Metal/MetalUniformFillTests.cpp
modules/renderers/metal/tests/CNA/Internal/Backends/Metal/MetalVertexAttribFormatTests.cpp	modules/renderers/metal/tests/CNA/Internal/Renderers/Metal/MetalVertexAttribFormatTests.cpp
modules/renderers/metal/tests/CNA/Internal/Backends/Metal/MetalVertexDeclarationPolicyTests.cpp	modules/renderers/metal/tests/CNA/Internal/Renderers/Metal/MetalVertexDeclarationPolicyTests.cpp
modules/renderers/metal/tests/CNA/Internal/Backends/Metal/MetalVertexDescriptorPlanTests.cpp	modules/renderers/metal/tests/CNA/Internal/Renderers/Metal/MetalVertexDescriptorPlanTests.cpp
modules/renderers/opengl1/include/CNA/Internal/Backends/OpenGL1/OpenGL1Capabilities.hpp	modules/renderers/opengl1/include/CNA/Internal/Renderers/OpenGL1/OpenGL1Capabilities.hpp
modules/renderers/opengl1/include/CNA/Internal/Backends/OpenGL1/OpenGL1ContextRecovery.hpp	modules/renderers/opengl1/include/CNA/Internal/Renderers/OpenGL1/OpenGL1ContextRecovery.hpp
modules/renderers/opengl1/include/CNA/Internal/Backends/OpenGL1/OpenGL1GraphicsBackend.hpp	modules/renderers/opengl1/include/CNA/Internal/Renderers/OpenGL1/OpenGL1Renderer.hpp
modules/renderers/opengl1/include/CNA/Internal/Backends/OpenGL1/OpenGL1OcclusionQueryBackend.hpp	modules/renderers/opengl1/include/CNA/Internal/Renderers/OpenGL1/OpenGL1OcclusionQueryRenderer.hpp
modules/renderers/opengl1/include/CNA/Internal/Backends/OpenGL1/OpenGL1RenderTargetBackend.hpp	modules/renderers/opengl1/include/CNA/Internal/Renderers/OpenGL1/OpenGL1RenderTargetRenderer.hpp
modules/renderers/opengl1/src/OpenGL1GraphicsBackend.cpp	modules/renderers/opengl1/src/OpenGL1Renderer.cpp
modules/renderers/opengl1/src/OpenGL1OcclusionQueryBackend.cpp	modules/renderers/opengl1/src/OpenGL1OcclusionQueryRenderer.cpp
modules/renderers/opengl1/src/OpenGL1RenderTargetBackend.cpp	modules/renderers/opengl1/src/OpenGL1RenderTargetRenderer.cpp
modules/renderers/opengl2/include/CNA/Internal/Backends/OpenGL2/OpenGL2GraphicsBackend.hpp	modules/renderers/opengl2/include/CNA/Internal/Renderers/OpenGL2/OpenGL2Renderer.hpp
modules/renderers/opengl2/src/OpenGL2GraphicsBackend.cpp	modules/renderers/opengl2/src/OpenGL2Renderer.cpp
modules/renderers/opengl4/include/CNA/Internal/Backends/OpenGL4/GL4Loader.hpp	modules/renderers/opengl4/include/CNA/Internal/Renderers/OpenGL4/GL4Loader.hpp
modules/renderers/opengl4/include/CNA/Internal/Backends/OpenGL4/OpenGL4GraphicsBackend.hpp	modules/renderers/opengl4/include/CNA/Internal/Renderers/OpenGL4/OpenGL4Renderer.hpp
modules/renderers/opengl4/src/OpenGL4GraphicsBackend.cpp	modules/renderers/opengl4/src/OpenGL4Renderer.cpp
modules/renderers/opengles1/include/CNA/Internal/Backends/OpenGLES1/OpenGLES1GraphicsBackend.hpp	modules/renderers/opengles1/include/CNA/Internal/Renderers/OpenGLES1/OpenGLES1Renderer.hpp
modules/renderers/opengles1/src/OpenGLES1GraphicsBackend.cpp	modules/renderers/opengles1/src/OpenGLES1Renderer.cpp
modules/renderers/sdl-gpu/include/CNA/Internal/Backends/SdlGpu/SdlGpuGraphicsBackend.hpp	modules/renderers/sdl-gpu/include/CNA/Internal/Renderers/SdlGpu/SdlGpuRenderer.hpp
modules/renderers/sdl-gpu/src/SdlGpuGraphicsBackend.cpp	modules/renderers/sdl-gpu/src/SdlGpuRenderer.cpp
modules/renderers/sdl-renderer/include/CNA/Internal/Backends/SdlRenderer/SdlGraphicsBackend.hpp	modules/renderers/sdl-renderer/include/CNA/Internal/Renderers/SdlRenderer/SdlRenderer.hpp
modules/renderers/sdl-renderer/src/SdlGraphicsBackend.cpp	modules/renderers/sdl-renderer/src/SdlRenderer.cpp
modules/renderers/skia/include/CNA/Internal/Backends/Skia/SkiaBlendMapping.hpp	modules/renderers/skia/include/CNA/Internal/Renderers/Skia/SkiaBlendMapping.hpp
modules/renderers/skia/include/CNA/Internal/Backends/Skia/SkiaCompressedMipChain2D.hpp	modules/renderers/skia/include/CNA/Internal/Renderers/Skia/SkiaCompressedMipChain2D.hpp
modules/renderers/skia/include/CNA/Internal/Backends/Skia/SkiaCubeSampling.hpp	modules/renderers/skia/include/CNA/Internal/Renderers/Skia/SkiaCubeSampling.hpp
modules/renderers/skia/include/CNA/Internal/Backends/Skia/SkiaEffectBackend.hpp	modules/renderers/skia/include/CNA/Internal/Renderers/Skia/SkiaEffectRenderer.hpp
modules/renderers/skia/include/CNA/Internal/Backends/Skia/SkiaGaneshContext.hpp	modules/renderers/skia/include/CNA/Internal/Renderers/Skia/SkiaGaneshContext.hpp
modules/renderers/skia/include/CNA/Internal/Backends/Skia/SkiaGaneshSurface.hpp	modules/renderers/skia/include/CNA/Internal/Renderers/Skia/SkiaGaneshSurface.hpp
modules/renderers/skia/include/CNA/Internal/Backends/Skia/SkiaGeneratedBlender.hpp	modules/renderers/skia/include/CNA/Internal/Renderers/Skia/SkiaGeneratedBlender.hpp
modules/renderers/skia/include/CNA/Internal/Backends/Skia/SkiaGlslToSkslTranslatorEXT.hpp	modules/renderers/skia/include/CNA/Internal/Renderers/Skia/SkiaGlslToSkslTranslatorEXT.hpp
modules/renderers/skia/include/CNA/Internal/Backends/Skia/SkiaGraphicsBackend.hpp	modules/renderers/skia/include/CNA/Internal/Renderers/Skia/SkiaRenderer.hpp
modules/renderers/skia/include/CNA/Internal/Backends/Skia/SkiaImageSource.hpp	modules/renderers/skia/include/CNA/Internal/Renderers/Skia/SkiaImageSource.hpp
modules/renderers/skia/include/CNA/Internal/Backends/Skia/SkiaMeshEffectBackend.hpp	modules/renderers/skia/include/CNA/Internal/Renderers/Skia/SkiaMeshEffectRenderer.hpp
modules/renderers/skia/include/CNA/Internal/Backends/Skia/SkiaMipChain2D.hpp	modules/renderers/skia/include/CNA/Internal/Renderers/Skia/SkiaMipChain2D.hpp
modules/renderers/skia/include/CNA/Internal/Backends/Skia/SkiaMipGeneration.hpp	modules/renderers/skia/include/CNA/Internal/Renderers/Skia/SkiaMipGeneration.hpp
modules/renderers/skia/include/CNA/Internal/Backends/Skia/SkiaMipSampling.hpp	modules/renderers/skia/include/CNA/Internal/Renderers/Skia/SkiaMipSampling.hpp
modules/renderers/skia/include/CNA/Internal/Backends/Skia/SkiaOwnership.hpp	modules/renderers/skia/include/CNA/Internal/Renderers/Skia/SkiaOwnership.hpp
modules/renderers/skia/include/CNA/Internal/Backends/Skia/SkiaRasterState.hpp	modules/renderers/skia/include/CNA/Internal/Renderers/Skia/SkiaRasterState.hpp
modules/renderers/skia/include/CNA/Internal/Backends/Skia/SkiaRasterTarget.hpp	modules/renderers/skia/include/CNA/Internal/Renderers/Skia/SkiaRasterTarget.hpp
modules/renderers/skia/include/CNA/Internal/Backends/Skia/SkiaRenderTargetBackend.hpp	modules/renderers/skia/include/CNA/Internal/Renderers/Skia/SkiaRenderTargetRenderer.hpp
modules/renderers/skia/include/CNA/Internal/Backends/Skia/SkiaRenderTargetBinding.hpp	modules/renderers/skia/include/CNA/Internal/Renderers/Skia/SkiaRenderTargetBinding.hpp
modules/renderers/skia/include/CNA/Internal/Backends/Skia/SkiaRenderTargetCubeBackend.hpp	modules/renderers/skia/include/CNA/Internal/Renderers/Skia/SkiaRenderTargetCubeRenderer.hpp
modules/renderers/skia/include/CNA/Internal/Backends/Skia/SkiaResourceCounters.hpp	modules/renderers/skia/include/CNA/Internal/Renderers/Skia/SkiaResourceCounters.hpp
modules/renderers/skia/include/CNA/Internal/Backends/Skia/SkiaResourcePolicy.hpp	modules/renderers/skia/include/CNA/Internal/Renderers/Skia/SkiaResourcePolicy.hpp
modules/renderers/skia/include/CNA/Internal/Backends/Skia/SkiaSourceAlphaPolicy.hpp	modules/renderers/skia/include/CNA/Internal/Renderers/Skia/SkiaSourceAlphaPolicy.hpp
modules/renderers/skia/include/CNA/Internal/Backends/Skia/SkiaSpriteBatchBackend.hpp	modules/renderers/skia/include/CNA/Internal/Renderers/Skia/SkiaSpriteBatchRenderer.hpp
modules/renderers/skia/include/CNA/Internal/Backends/Skia/SkiaStartupDiagnostic.hpp	modules/renderers/skia/include/CNA/Internal/Renderers/Skia/SkiaStartupDiagnostic.hpp
modules/renderers/skia/include/CNA/Internal/Backends/Skia/SkiaStateTrace.hpp	modules/renderers/skia/include/CNA/Internal/Renderers/Skia/SkiaStateTrace.hpp
modules/renderers/skia/include/CNA/Internal/Backends/Skia/SkiaSurface.hpp	modules/renderers/skia/include/CNA/Internal/Renderers/Skia/SkiaSurface.hpp
modules/renderers/skia/include/CNA/Internal/Backends/Skia/SkiaTextureBackend.hpp	modules/renderers/skia/include/CNA/Internal/Renderers/Skia/SkiaTextureRenderer.hpp
modules/renderers/skia/include/CNA/Internal/Backends/Skia/SkiaTextureStorageBackends.hpp	modules/renderers/skia/include/CNA/Internal/Renderers/Skia/SkiaTextureStorageRenderers.hpp
modules/renderers/skia/include/CNA/Internal/Backends/Skia/SkiaUnsupported3D.hpp	modules/renderers/skia/include/CNA/Internal/Renderers/Skia/SkiaUnsupported3D.hpp
modules/renderers/skia/include/CNA/Internal/Backends/Skia/SkiaVolumeSampling.hpp	modules/renderers/skia/include/CNA/Internal/Renderers/Skia/SkiaVolumeSampling.hpp
modules/renderers/skia/src/SkiaEffectBackend.cpp	modules/renderers/skia/src/SkiaEffectRenderer.cpp
modules/renderers/skia/src/SkiaGraphicsBackend.cpp	modules/renderers/skia/src/SkiaRenderer.cpp
modules/renderers/skia/src/SkiaMeshEffectBackend.cpp	modules/renderers/skia/src/SkiaMeshEffectRenderer.cpp
modules/renderers/skia/src/SkiaRenderTargetBackend.cpp	modules/renderers/skia/src/SkiaRenderTargetRenderer.cpp
modules/renderers/skia/src/SkiaRenderTargetCubeBackend.cpp	modules/renderers/skia/src/SkiaRenderTargetCubeRenderer.cpp
modules/renderers/skia/src/SkiaSpriteBatchBackend.cpp	modules/renderers/skia/src/SkiaSpriteBatchRenderer.cpp
modules/renderers/skia/src/SkiaTextureBackend.cpp	modules/renderers/skia/src/SkiaTextureRenderer.cpp
modules/renderers/skia/src/SkiaTextureStorageBackends.cpp	modules/renderers/skia/src/SkiaTextureStorageRenderers.cpp
modules/renderers/software/include/CNA/Internal/Backends/Software/SoftwareFramebufferAllocation.hpp	modules/renderers/software/include/CNA/Internal/Renderers/Software/SoftwareFramebufferAllocation.hpp
modules/renderers/software/include/CNA/Internal/Backends/Software/SoftwareGraphicsBackend.hpp	modules/renderers/software/include/CNA/Internal/Renderers/Software/SoftwareRenderer.hpp
modules/renderers/software/include/CNA/Internal/Backends/Software/SoftwareTextureAllocation.hpp	modules/renderers/software/include/CNA/Internal/Renderers/Software/SoftwareTextureAllocation.hpp
modules/renderers/software/src/SoftwareGraphicsBackend.cpp	modules/renderers/software/src/SoftwareRenderer.cpp
modules/renderers/software/src/SoftwareGraphicsBackend2D.cpp	modules/renderers/software/src/SoftwareRenderer2D.cpp
modules/renderers/software/src/SoftwareGraphicsBackend2DState.cpp	modules/renderers/software/src/SoftwareRenderer2DState.cpp
modules/renderers/sokol/include/CNA/Internal/Backends/Sokol/SokolGraphicsBackend.hpp	modules/renderers/sokol/include/CNA/Internal/Renderers/Sokol/SokolRenderer.hpp
modules/renderers/sokol/src/SokolGraphicsBackend.cpp	modules/renderers/sokol/src/SokolRenderer.cpp
modules/renderers/stub/include/CNA/Internal/Backends/Stub/StubGraphicsBackend.hpp	modules/renderers/stub/include/CNA/Internal/Renderers/Stub/StubRenderer.hpp
modules/renderers/stub/src/StubGraphicsBackend.cpp	modules/renderers/stub/src/StubRenderer.cpp
modules/renderers/vulkan/include/CNA/Internal/Backends/Vulkan/VulkanGraphicsBackend.hpp	modules/renderers/vulkan/include/CNA/Internal/Renderers/Vulkan/VulkanRenderer.hpp
modules/renderers/vulkan/include/CNA/Internal/Backends/Vulkan/VulkanVertexFormatHelper.hpp	modules/renderers/vulkan/include/CNA/Internal/Renderers/Vulkan/VulkanVertexFormatHelper.hpp
modules/renderers/vulkan/src/VulkanGraphicsBackend.cpp	modules/renderers/vulkan/src/VulkanRenderer.cpp
modules/renderers/webgpu/include/CNA/Internal/Backends/WebGPU/WebGPUGraphicsBackend.hpp	modules/renderers/webgpu/include/CNA/Internal/Renderers/WebGPU/WebGPURenderer.hpp
modules/renderers/webgpu/src/WebGPUGraphicsBackend.cpp	modules/renderers/webgpu/src/WebGPURenderer.cpp
modules/renderers/wicked/include/CNA/Internal/Backends/Wicked/WickedGraphicsBackend.hpp	modules/renderers/wicked/include/CNA/Internal/Renderers/Wicked/WickedRenderer.hpp
modules/renderers/wicked/src/WickedGraphicsBackend.cpp	modules/renderers/wicked/src/WickedRenderer.cpp
modules/renderers/wicked/tests/CNA/Internal/Backends/Wicked/WickedDeviceLifecycleTest.cpp	modules/renderers/wicked/tests/CNA/Internal/Renderers/Wicked/WickedDeviceLifecycleTest.cpp
modules/renderers/wicked/tests/CNA/Internal/Backends/Wicked/WickedGeometryVertexOffsetTest.cpp	modules/renderers/wicked/tests/CNA/Internal/Renderers/Wicked/WickedGeometryVertexOffsetTest.cpp
modules/renderers/wicked/tests/CNA/Internal/Backends/Wicked/WickedPipelineKeyTest.cpp	modules/renderers/wicked/tests/CNA/Internal/Renderers/Wicked/WickedPipelineKeyTest.cpp
modules/renderers/wicked/tests/CNA/Internal/Backends/Wicked/WickedTexture3DStagedTransferTest.cpp	modules/renderers/wicked/tests/CNA/Internal/Renderers/Wicked/WickedTexture3DStagedTransferTest.cpp
scripts/run-all-backend-smoke-tests.sh	scripts/run-all-renderer-smoke-tests.sh
