"D3D10"	\"DIRECTX10\"	18
"D3D11"	\"DIRECTX11\"	89
"D3D12"	\"DIRECTX12\"	47
"D3D9"	\"DIRECTX9\"	101
'D3D11'	'DIRECTX11'	1
CNA_RENDERER_D3D10	CNA_RENDERER_DIRECTX10	8
CNA_RENDERER_D3D11	CNA_RENDERER_DIRECTX11	75
CNA_RENDERER_D3D12	CNA_RENDERER_DIRECTX12	60
CNA_RENDERER_D3D9	CNA_RENDERER_DIRECTX9	107
CNA_RENDERER_DX1	CNA_RENDERER_DIRECTX1	11
CNA_RENDERER_DX2	CNA_RENDERER_DIRECTX2	12
CNA_RENDERER_DX3	CNA_RENDERER_DIRECTX3	10
CNA_RENDERER_DX5	CNA_RENDERER_DIRECTX5	10
CNA_RENDERER_DX6	CNA_RENDERER_DIRECTX6	10
CNA_RENDERER_DX7	CNA_RENDERER_DIRECTX7	10
CNA_RENDERER_DX8	CNA_RENDERER_DIRECTX8	9
D3D10Renderer	DirectX10Renderer	59
D3D10Tests.cmake	DirectX10Tests.cmake	3
D3D10_	DirectX10_	22
D3D11Renderer	DirectX11Renderer	278
D3D11Tests.cmake	DirectX11Tests.cmake	1
D3D11_	DirectX11_	63
D3D12Renderer	DirectX12Renderer	193
D3D12Tests.cmake	DirectX12Tests.cmake	1
D3D12_	DirectX12_	10
D3D9Renderer	DirectX9Renderer	232
D3D9Tests.cmake	DirectX9Tests.cmake	2
D3D9_	DirectX9_	82
DX1	DIRECTX1	257
DX2	DIRECTX2	254
DX3	DIRECTX3	435
DX4	DIRECTX4	7
DX5	DIRECTX5	178
DX6	DIRECTX6	185
DX7	DIRECTX7	189
DX8	DIRECTX8	196
Dx1	DirectX1	221
Dx2	DirectX2	389
Dx3	DirectX3	368
Dx5	DirectX5	363
Dx6	DirectX6	373
Dx7	DirectX7	380
Dx8	DirectX8	364
GraphicsRendererType::D3D10	GraphicsRendererType::DirectX10	3
GraphicsRendererType::D3D11	GraphicsRendererType::DirectX11	3
GraphicsRendererType::D3D12	GraphicsRendererType::DirectX12	3
GraphicsRendererType::D3D9	GraphicsRendererType::DirectX9	3
Internal/Renderers/D3D10/	Internal/Renderers/DirectX10/	3
Internal/Renderers/D3D11/	Internal/Renderers/DirectX11/	29
Internal/Renderers/D3D12/	Internal/Renderers/DirectX12/	47
Internal/Renderers/D3D9/	Internal/Renderers/DirectX9/	104
Internal::Renderers::D3D10	Internal::Renderers::DirectX10	4
Internal::Renderers::D3D11	Internal::Renderers::DirectX11	21
Internal::Renderers::D3D12	Internal::Renderers::DirectX12	43
Internal::Renderers::D3D9	Internal::Renderers::DirectX9	70
_d3d10_	_directx10_	18
_d3d11_	_directx11_	82
_d3d12_	_directx12_	6
_d3d9_	_directx9_	100
_dx1_	_directx1_	18
_dx2_	_directx2_	36
_dx5_	_directx5_	36
_dx6_	_directx6_	38
_dx7_	_directx7_	38
_dx8_	_directx8_	38
check-d3d10-	check-directx10-	2
check-dx1-	check-directx1-	4
check-dx2-	check-directx2-	5
check-dx3-	check-directx3-	4
check-dx5-	check-directx5-	5
check-dx6-	check-directx6-	4
check-dx7-	check-directx7-	4
check-dx8-	check-directx8-	3
cna_d3d10_ctest_command	cna_directx10_ctest_command	10
cna_d3d10_test	cna_directx10_test	10
cna_d3d11_ctest_command	cna_directx11_ctest_command	44
cna_d3d11_test	cna_directx11_test	45
cna_d3d12_test	cna_directx12_test	24
cna_d3d9_ctest_command	cna_directx9_ctest_command	54
cna_d3d9_test	cna_directx9_test	57
cna_dx1_ctest_command	cna_directx1_ctest_command	16
cna_dx1_test	cna_directx1_test	10
cna_dx2_ctest_command	cna_directx2_ctest_command	19
cna_dx2_test	cna_directx2_test	19
cna_dx3_test	cna_directx3_test	22
cna_dx5_ctest_command	cna_directx5_ctest_command	19
cna_dx5_test	cna_directx5_test	19
cna_dx6_ctest_command	cna_directx6_ctest_command	20
cna_dx6_test	cna_directx6_test	20
cna_dx7_ctest_command	cna_directx7_ctest_command	20
cna_dx7_test	cna_directx7_test	20
cna_dx8_ctest_command	cna_directx8_ctest_command	20
cna_dx8_test	cna_directx8_test	20
cna_renderer_d3d10	cna_renderer_directx10	1
cna_renderer_d3d11	cna_renderer_directx11	4
cna_renderer_d3d12	cna_renderer_directx12	3
cna_renderer_d3d9	cna_renderer_directx9	1
cna_renderer_dx1	cna_renderer_directx1	1
cna_renderer_dx2	cna_renderer_directx2	1
cna_renderer_dx3	cna_renderer_directx3	1
cna_renderer_dx5	cna_renderer_directx5	1
cna_renderer_dx6	cna_renderer_directx6	1
cna_renderer_dx7	cna_renderer_directx7	1
cna_renderer_dx8	cna_renderer_directx8	1
cna_test_d3d10_	cna_test_directx10_	18
cna_test_d3d11_	cna_test_directx11_	83
cna_test_d3d12_	cna_test_directx12_	24
cna_test_d3d9_	cna_test_directx9_	105
cna_test_dx1_	cna_test_directx1_	18
cna_test_dx2_	cna_test_directx2_	36
cna_test_dx3_	cna_test_directx3_	36
cna_test_dx5_	cna_test_directx5_	36
cna_test_dx6_	cna_test_directx6_	38
cna_test_dx7_	cna_test_directx7_	38
cna_test_dx8_	cna_test_directx8_	38
d3d11_smoke_test	directx11_smoke_test	8
d3d12_swapchain_diag	directx12_swapchain_diag	2
d3d9_drawex_test	directx9_drawex_test	4
d3d9_drawoffset_test	directx9_drawoffset_test	1
d3d9_instanced_test	directx9_instanced_test	1
d3d9_pbr_test	directx9_pbr_test	1
d3d9_smoke_test	directx9_smoke_test	1
d3d9_spritebatch_customeffect_test	directx9_spritebatch_customeffect_test	1
docs/d3d10-renderer.md	docs/directx10-renderer.md	2
docs/d3d11-renderer.md	docs/directx11-renderer.md	9
docs/d3d12-renderer.md	docs/directx12-renderer.md	10
docs/d3d9-renderer.md	docs/directx9-renderer.md	15
docs/dx1-renderer.md	docs/directx1-renderer.md	7
docs/dx2-renderer.md	docs/directx2-renderer.md	13
docs/dx3-renderer.md	docs/directx3-renderer.md	11
docs/dx5-renderer.md	docs/directx5-renderer.md	8
docs/dx6-renderer.md	docs/directx6-renderer.md	6
docs/dx7-renderer.md	docs/directx7-renderer.md	3
docs/dx8-renderer.md	docs/directx8-renderer.md	3
examples/d3d10_	examples/directx10_	5
examples/d3d11_	examples/directx11_	8
examples/d3d12_	examples/directx12_	23
examples/d3d9_	examples/directx9_	21
modules/renderers/d3d10	modules/renderers/directx10	3
modules/renderers/d3d11	modules/renderers/directx11	1
modules/renderers/d3d12	modules/renderers/directx12	1
modules/renderers/d3d9	modules/renderers/directx9	7
modules/renderers/dx1	modules/renderers/directx1	3
modules/renderers/dx2	modules/renderers/directx2	3
modules/renderers/dx3	modules/renderers/directx3	3
modules/renderers/dx5	modules/renderers/directx5	3
modules/renderers/dx6	modules/renderers/directx6	3
modules/renderers/dx7	modules/renderers/directx7	3
modules/renderers/dx8	modules/renderers/directx8	3
run-wine-d3d10.sh	run-wine-directx10.sh	3
run-wine-dx1.sh	run-wine-directx1.sh	6
run-wine-dx2.sh	run-wine-directx2.sh	5
run-wine-dx3.sh	run-wine-directx3.sh	4
run-wine-dx5.sh	run-wine-directx5.sh	4
run-wine-dx6.sh	run-wine-directx6.sh	4
run-wine-dx7.sh	run-wine-directx7.sh	4
run-wine-dx8.sh	run-wine-directx8.sh	6
