R100	src/CNA/Internal/Audio/AudioMixer.cpp	src/Audio/Internal/AudioMixer.cpp
R100	src/CNA/Internal/Audio/WavWrapper.cpp	src/Audio/Internal/WavWrapper.cpp
R100	src/CNA/Internal/Audio/XactParser.cpp	src/Audio/Internal/XactParser.cpp
R100	src/Microsoft/Xna/Framework/Audio/AudioCategory.cpp	src/Audio/Xna/AudioCategory.cpp
R100	src/Microsoft/Xna/Framework/Audio/AudioEmitter.cpp	src/Audio/Xna/AudioEmitter.cpp
R100	src/Microsoft/Xna/Framework/Audio/AudioEngine.cpp	src/Audio/Xna/AudioEngine.cpp
R100	src/Microsoft/Xna/Framework/Audio/AudioListener.cpp	src/Audio/Xna/AudioListener.cpp
R100	src/Microsoft/Xna/Framework/Audio/Cue.cpp	src/Audio/Xna/Cue.cpp
R100	src/Microsoft/Xna/Framework/Audio/DynamicSoundEffectInstance.cpp	src/Audio/Xna/DynamicSoundEffectInstance.cpp
R100	src/Microsoft/Xna/Framework/FrameworkDispatcher.cpp	src/Audio/Xna/FrameworkDispatcher.cpp
R100	src/Microsoft/Xna/Framework/Audio/Microphone.cpp	src/Audio/Xna/Microphone.cpp
R100	src/Microsoft/Xna/Framework/Audio/RendererDetail.cpp	src/Audio/Xna/RendererDetail.cpp
R100	src/Microsoft/Xna/Framework/Audio/SoundBank.cpp	src/Audio/Xna/SoundBank.cpp
R100	src/Microsoft/Xna/Framework/Audio/SoundEffect.cpp	src/Audio/Xna/SoundEffect.cpp
R100	src/Microsoft/Xna/Framework/Audio/SoundEffectInstance.cpp	src/Audio/Xna/SoundEffectInstance.cpp
R100	src/Microsoft/Xna/Framework/Audio/WaveBank.cpp	src/Audio/Xna/WaveBank.cpp
R100	src/CNA/Internal/GltfImport/GltfImportCore.cpp	src/Content/GltfImport/GltfImportCore.cpp
R100	src/Microsoft/Xna/Framework/Content/ContentLoadException.cpp	src/Content/Xna/ContentLoadException.cpp
R100	src/Microsoft/Xna/Framework/Content/ContentManager.cpp	src/Content/Xna/ContentManager.cpp
R100	src/Microsoft/Xna/Framework/Content/ContentReader.cpp	src/Content/Xna/ContentReader.cpp
R100	src/Microsoft/Xna/Framework/Content/ContentTypeReaderManager.cpp	src/Content/Xna/ContentTypeReaderManager.cpp
R100	src/Microsoft/Xna/Framework/Content/KnownUnsupportedContentTypeReader.cpp	src/Content/Xna/KnownUnsupportedContentTypeReader.cpp
R100	src/Microsoft/Xna/Framework/Content/ResourceContentManager.cpp	src/Content/Xna/ResourceContentManager.cpp
R100	src/CNA/Internal/Xnb/CurveContentTypeReader.cpp	src/Content/Xnb/CurveContentTypeReader.cpp
R100	src/CNA/Internal/Xnb/DecimalDateTimeContentTypeReaders.cpp	src/Content/Xnb/DecimalDateTimeContentTypeReaders.cpp
R100	src/CNA/Internal/Xnb/LzxDecoder.cpp	src/Content/Xnb/LzxDecoder.cpp
R100	src/CNA/Internal/Xnb/MathContentTypeReaders.cpp	src/Content/Xnb/MathContentTypeReaders.cpp
R100	src/CNA/Internal/Xnb/ModelContentTypeReaders.cpp	src/Content/Xnb/ModelContentTypeReaders.cpp
R100	src/CNA/Internal/Xnb/PrimitiveContentTypeReaders.cpp	src/Content/Xnb/PrimitiveContentTypeReaders.cpp
R100	src/CNA/Internal/Xnb/SongContentTypeReader.cpp	src/Content/Xnb/SongContentTypeReader.cpp
R100	src/CNA/Internal/Xnb/SoundEffectContentTypeReader.cpp	src/Content/Xnb/SoundEffectContentTypeReader.cpp
R100	src/CNA/Internal/Xnb/SpriteFontContentTypeReader.cpp	src/Content/Xnb/SpriteFontContentTypeReader.cpp
R100	src/CNA/Internal/Xnb/StockEffectContentTypeReaders.cpp	src/Content/Xnb/StockEffectContentTypeReaders.cpp
R100	src/CNA/Internal/Xnb/Texture2DContentTypeReader.cpp	src/Content/Xnb/Texture2DContentTypeReader.cpp
R100	src/CNA/Internal/Xnb/Texture3DContentTypeReader.cpp	src/Content/Xnb/Texture3DContentTypeReader.cpp
R100	src/CNA/Internal/Xnb/TextureCubeContentTypeReader.cpp	src/Content/Xnb/TextureCubeContentTypeReader.cpp
R100	src/CNA/Internal/Xnb/VideoContentTypeReader.cpp	src/Content/Xnb/VideoContentTypeReader.cpp
R100	src/CNA/Internal/Xnb/XnbBuiltInReaders.cpp	src/Content/Xnb/XnbBuiltInReaders.cpp
R100	src/CNA/Internal/Xnb/XnbDecompression.cpp	src/Content/Xnb/XnbDecompression.cpp
R100	src/CNA/CNAException.cpp	src/Core/CNAException.cpp
R100	src/CNA/DesktopOS.cpp	src/Core/DesktopOS.cpp
R100	src/CNA/Logger.cpp	src/Core/Logger.cpp
R100	src/CNA/Platform.cpp	src/Core/Platform.cpp
R100	src/Microsoft/Devices/Detail/SdlHapticVibrateBackend.cpp	src/Devices/Microsoft/Detail/SdlHapticVibrateBackend.cpp
R100	src/Microsoft/Devices/Sensors/Accelerometer.cpp	src/Devices/Microsoft/Sensors/Accelerometer.cpp
R100	src/Microsoft/Devices/Sensors/AccelerometerFailedException.cpp	src/Devices/Microsoft/Sensors/AccelerometerFailedException.cpp
R100	src/Microsoft/Devices/Sensors/AccelerometerReading.cpp	src/Devices/Microsoft/Sensors/AccelerometerReading.cpp
R100	src/Microsoft/Devices/Sensors/AccelerometerReadingEventArgs.cpp	src/Devices/Microsoft/Sensors/AccelerometerReadingEventArgs.cpp
R100	src/Microsoft/Devices/Sensors/AttitudeReading.cpp	src/Devices/Microsoft/Sensors/AttitudeReading.cpp
R100	src/Microsoft/Devices/Sensors/CalibrationEventArgs.cpp	src/Devices/Microsoft/Sensors/CalibrationEventArgs.cpp
R100	src/Microsoft/Devices/Sensors/Compass.cpp	src/Devices/Microsoft/Sensors/Compass.cpp
R100	src/Microsoft/Devices/Sensors/CompassReading.cpp	src/Devices/Microsoft/Sensors/CompassReading.cpp
R100	src/Microsoft/Devices/Sensors/Detail/AndroidCompassBackend.cpp	src/Devices/Microsoft/Sensors/Detail/AndroidCompassBackend.cpp
R100	src/Microsoft/Devices/Sensors/Detail/AndroidMotionBackend.cpp	src/Devices/Microsoft/Sensors/Detail/AndroidMotionBackend.cpp
R100	src/Microsoft/Devices/Sensors/Detail/AndroidSensorBridge.cpp	src/Devices/Microsoft/Sensors/Detail/AndroidSensorBridge.cpp
R100	src/Microsoft/Devices/Sensors/Detail/AndroidSensorOrientation.cpp	src/Devices/Microsoft/Sensors/Detail/AndroidSensorOrientation.cpp
R100	src/Microsoft/Devices/Sensors/Detail/NativeDiagnostic.cpp	src/Devices/Microsoft/Sensors/Detail/NativeDiagnostic.cpp
R100	src/Microsoft/Devices/Sensors/Gyroscope.cpp	src/Devices/Microsoft/Sensors/Gyroscope.cpp
R100	src/Microsoft/Devices/Sensors/GyroscopeReading.cpp	src/Devices/Microsoft/Sensors/GyroscopeReading.cpp
R100	src/Microsoft/Devices/Sensors/Motion.cpp	src/Devices/Microsoft/Sensors/Motion.cpp
R100	src/Microsoft/Devices/Sensors/MotionReading.cpp	src/Devices/Microsoft/Sensors/MotionReading.cpp
R100	src/Microsoft/Devices/Sensors/SensorFailedException.cpp	src/Devices/Microsoft/Sensors/SensorFailedException.cpp
R100	src/Microsoft/Devices/Sensors/SensorReadingEventArgs.cpp	src/Devices/Microsoft/Sensors/SensorReadingEventArgs.cpp
R100	src/Microsoft/Devices/VibrateController.cpp	src/Devices/Microsoft/VibrateController.cpp
R100	src/CNA/Devices/Camera.cpp	src/Devices/NoXna/Camera.cpp
R100	src/CNA/Devices/Clipboard.cpp	src/Devices/NoXna/Clipboard.cpp
R100	src/CNA/Devices/Detail/SdlCameraBackend.cpp	src/Devices/NoXna/Detail/SdlCameraBackend.cpp
R100	src/CNA/Devices/Detail/SdlFileDialogBackend.cpp	src/Devices/NoXna/Detail/SdlFileDialogBackend.cpp
R100	src/CNA/Devices/Detail/SdlMessageBoxBackend.cpp	src/Devices/NoXna/Detail/SdlMessageBoxBackend.cpp
R100	src/CNA/Devices/Detail/SdlTrayBackend.cpp	src/Devices/NoXna/Detail/SdlTrayBackend.cpp
R100	src/CNA/Devices/DisplayInfo.cpp	src/Devices/NoXna/DisplayInfo.cpp
R100	src/CNA/Devices/FileDialog.cpp	src/Devices/NoXna/FileDialog.cpp
R100	src/CNA/Devices/Locale.cpp	src/Devices/NoXna/Locale.cpp
R100	src/CNA/Devices/MessageBox.cpp	src/Devices/NoXna/MessageBox.cpp
R100	src/CNA/Devices/PowerInfo.cpp	src/Devices/NoXna/PowerInfo.cpp
R100	src/CNA/Devices/SystemInfo.cpp	src/Devices/NoXna/SystemInfo.cpp
R100	src/CNA/Devices/SystemTray.cpp	src/Devices/NoXna/SystemTray.cpp
R100	src/CNA/Devices/UrlLauncher.cpp	src/Devices/NoXna/UrlLauncher.cpp
R100	src/CNA/Internal/GamerServices/LocalGamerServicesStore.cpp	src/GamerServices/Internal/LocalGamerServicesStore.cpp
R100	src/Microsoft/Xna/Framework/GamerServices/Achievement.cpp	src/GamerServices/Xna/Achievement.cpp
R100	src/Microsoft/Xna/Framework/GamerServices/AchievementCollection.cpp	src/GamerServices/Xna/AchievementCollection.cpp
R100	src/Microsoft/Xna/Framework/GamerServices/AvatarAnimation.cpp	src/GamerServices/Xna/AvatarAnimation.cpp
R100	src/Microsoft/Xna/Framework/GamerServices/AvatarAnimationPresetNamesEXT.cpp	src/GamerServices/Xna/AvatarAnimationPresetNamesEXT.cpp
R100	src/Microsoft/Xna/Framework/GamerServices/AvatarBodyTypeNamesEXT.cpp	src/GamerServices/Xna/AvatarBodyTypeNamesEXT.cpp
R100	src/Microsoft/Xna/Framework/GamerServices/AvatarDescription.cpp	src/GamerServices/Xna/AvatarDescription.cpp
R100	src/Microsoft/Xna/Framework/GamerServices/AvatarExpression.cpp	src/GamerServices/Xna/AvatarExpression.cpp
R100	src/Microsoft/Xna/Framework/GamerServices/AvatarRenderer.cpp	src/GamerServices/Xna/AvatarRenderer.cpp
R100	src/Microsoft/Xna/Framework/GamerServices/FriendCollection.cpp	src/GamerServices/Xna/FriendCollection.cpp
R100	src/Microsoft/Xna/Framework/GamerServices/FriendGamer.cpp	src/GamerServices/Xna/FriendGamer.cpp
R100	src/Microsoft/Xna/Framework/GamerServices/GameDefaults.cpp	src/GamerServices/Xna/GameDefaults.cpp
R100	src/Microsoft/Xna/Framework/GamerServices/GameUpdateRequiredException.cpp	src/GamerServices/Xna/GameUpdateRequiredException.cpp
R100	src/Microsoft/Xna/Framework/GamerServices/Gamer.cpp	src/GamerServices/Xna/Gamer.cpp
R100	src/Microsoft/Xna/Framework/GamerServices/GamerPresence.cpp	src/GamerServices/Xna/GamerPresence.cpp
R100	src/Microsoft/Xna/Framework/GamerServices/GamerPrivilegeException.cpp	src/GamerServices/Xna/GamerPrivilegeException.cpp
R100	src/Microsoft/Xna/Framework/GamerServices/GamerPrivileges.cpp	src/GamerServices/Xna/GamerPrivileges.cpp
R100	src/Microsoft/Xna/Framework/GamerServices/GamerProfile.cpp	src/GamerServices/Xna/GamerProfile.cpp
R100	src/Microsoft/Xna/Framework/GamerServices/GamerServices.cpp	src/GamerServices/Xna/GamerServices.cpp
R100	src/Microsoft/Xna/Framework/GamerServices/GamerServicesComponent.cpp	src/GamerServices/Xna/GamerServicesComponent.cpp
R100	src/Microsoft/Xna/Framework/GamerServices/GamerServicesDispatcher.cpp	src/GamerServices/Xna/GamerServicesDispatcher.cpp
R100	src/Microsoft/Xna/Framework/GamerServices/GamerServicesNotAvailableException.cpp	src/GamerServices/Xna/GamerServicesNotAvailableException.cpp
R100	src/Microsoft/Xna/Framework/GamerServices/Guide.cpp	src/GamerServices/Xna/Guide.cpp
R100	src/Microsoft/Xna/Framework/GamerServices/GuideAlreadyVisibleException.cpp	src/GamerServices/Xna/GuideAlreadyVisibleException.cpp
R100	src/Microsoft/Xna/Framework/GamerServices/InviteAcceptedEventArgs.cpp	src/GamerServices/Xna/InviteAcceptedEventArgs.cpp
R100	src/Microsoft/Xna/Framework/GamerServices/LeaderboardEntry.cpp	src/GamerServices/Xna/LeaderboardEntry.cpp
R100	src/Microsoft/Xna/Framework/GamerServices/LeaderboardIdentity.cpp	src/GamerServices/Xna/LeaderboardIdentity.cpp
R100	src/Microsoft/Xna/Framework/GamerServices/LeaderboardReader.cpp	src/GamerServices/Xna/LeaderboardReader.cpp
R100	src/Microsoft/Xna/Framework/GamerServices/LeaderboardWriter.cpp	src/GamerServices/Xna/LeaderboardWriter.cpp
R100	src/Microsoft/Xna/Framework/GamerServices/NetworkException.cpp	src/GamerServices/Xna/NetworkException.cpp
R100	src/Microsoft/Xna/Framework/GamerServices/NetworkNotAvailableException.cpp	src/GamerServices/Xna/NetworkNotAvailableException.cpp
R100	src/Microsoft/Xna/Framework/GamerServices/PropertyDictionary.cpp	src/GamerServices/Xna/PropertyDictionary.cpp
R100	src/Microsoft/Xna/Framework/GamerServices/SignedInEventArgs.cpp	src/GamerServices/Xna/SignedInEventArgs.cpp
R100	src/Microsoft/Xna/Framework/GamerServices/SignedInGamer.cpp	src/GamerServices/Xna/SignedInGamer.cpp
R100	src/Microsoft/Xna/Framework/GamerServices/SignedInGamerCollection.cpp	src/GamerServices/Xna/SignedInGamerCollection.cpp
R100	src/Microsoft/Xna/Framework/GamerServices/SignedOutEventArgs.cpp	src/GamerServices/Xna/SignedOutEventArgs.cpp
R100	src/CNA/Internal/Backends/Ascii/AsciiFontAtlas.cpp	src/Graphics/Backends/Ascii/AsciiFontAtlas.cpp
R100	src/CNA/Internal/Backends/Ascii/AsciiGraphicsBackend.cpp	src/Graphics/Backends/Ascii/AsciiGraphicsBackend.cpp
R100	src/CNA/Internal/Backends/Ascii/AsciiQuantizer.cpp	src/Graphics/Backends/Ascii/AsciiQuantizer.cpp
R100	src/CNA/Internal/Backends/Bgfx/BgfxGraphicsBackend.cpp	src/Graphics/Backends/Bgfx/BgfxGraphicsBackend.cpp
R100	src/CNA/Internal/Backends/Bgfx/BgfxRendererSelection.cpp	src/Graphics/Backends/Bgfx/BgfxRendererSelection.cpp
R100	src/CNA/Internal/Backends/Bgfx/shaders/bgfx_shaders.hpp	src/Graphics/Backends/Bgfx/shaders/bgfx_shaders.hpp
R100	src/CNA/Internal/Backends/Bgfx/shaders/compile_shaders.py	src/Graphics/Backends/Bgfx/shaders/compile_shaders.py
R100	src/CNA/Internal/Backends/Bgfx/shaders/fs_alpha_test3d.sc	src/Graphics/Backends/Bgfx/shaders/fs_alpha_test3d.sc
R100	src/CNA/Internal/Backends/Bgfx/shaders/fs_colored3d.sc	src/Graphics/Backends/Bgfx/shaders/fs_colored3d.sc
R100	src/CNA/Internal/Backends/Bgfx/shaders/fs_colored_textured3d.sc	src/Graphics/Backends/Bgfx/shaders/fs_colored_textured3d.sc
R100	src/CNA/Internal/Backends/Bgfx/shaders/fs_dual_texture3d.sc	src/Graphics/Backends/Bgfx/shaders/fs_dual_texture3d.sc
R100	src/CNA/Internal/Backends/Bgfx/shaders/fs_env_map3d.sc	src/Graphics/Backends/Bgfx/shaders/fs_env_map3d.sc
R100	src/CNA/Internal/Backends/Bgfx/shaders/fs_instanced3d.sc	src/Graphics/Backends/Bgfx/shaders/fs_instanced3d.sc
R100	src/CNA/Internal/Backends/Bgfx/shaders/fs_lit_textured3d.sc	src/Graphics/Backends/Bgfx/shaders/fs_lit_textured3d.sc
R100	src/CNA/Internal/Backends/Bgfx/shaders/fs_lit_textured3d_vertexlit.sc	src/Graphics/Backends/Bgfx/shaders/fs_lit_textured3d_vertexlit.sc
R100	src/CNA/Internal/Backends/Bgfx/shaders/fs_pbr3d.sc	src/Graphics/Backends/Bgfx/shaders/fs_pbr3d.sc
R100	src/CNA/Internal/Backends/Bgfx/shaders/fs_skinned3d.sc	src/Graphics/Backends/Bgfx/shaders/fs_skinned3d.sc
R100	src/CNA/Internal/Backends/Bgfx/shaders/fs_skinned3d_vertexlit.sc	src/Graphics/Backends/Bgfx/shaders/fs_skinned3d_vertexlit.sc
R100	src/CNA/Internal/Backends/Bgfx/shaders/fs_textured3d.sc	src/Graphics/Backends/Bgfx/shaders/fs_textured3d.sc
R100	src/CNA/Internal/Backends/Bgfx/shaders/varying.def.sc	src/Graphics/Backends/Bgfx/shaders/varying.def.sc
R100	src/CNA/Internal/Backends/Bgfx/shaders/vs_alpha_test3d.sc	src/Graphics/Backends/Bgfx/shaders/vs_alpha_test3d.sc
R100	src/CNA/Internal/Backends/Bgfx/shaders/vs_alpha_test_colored3d.sc	src/Graphics/Backends/Bgfx/shaders/vs_alpha_test_colored3d.sc
R100	src/CNA/Internal/Backends/Bgfx/shaders/vs_colored3d.sc	src/Graphics/Backends/Bgfx/shaders/vs_colored3d.sc
R100	src/CNA/Internal/Backends/Bgfx/shaders/vs_colored_textured3d.sc	src/Graphics/Backends/Bgfx/shaders/vs_colored_textured3d.sc
R100	src/CNA/Internal/Backends/Bgfx/shaders/vs_dual_texture3d.sc	src/Graphics/Backends/Bgfx/shaders/vs_dual_texture3d.sc
R100	src/CNA/Internal/Backends/Bgfx/shaders/vs_dual_texture_colored3d.sc	src/Graphics/Backends/Bgfx/shaders/vs_dual_texture_colored3d.sc
R100	src/CNA/Internal/Backends/Bgfx/shaders/vs_env_map3d.sc	src/Graphics/Backends/Bgfx/shaders/vs_env_map3d.sc
R100	src/CNA/Internal/Backends/Bgfx/shaders/vs_instanced3d.sc	src/Graphics/Backends/Bgfx/shaders/vs_instanced3d.sc
R100	src/CNA/Internal/Backends/Bgfx/shaders/vs_lit_textured3d.sc	src/Graphics/Backends/Bgfx/shaders/vs_lit_textured3d.sc
R100	src/CNA/Internal/Backends/Bgfx/shaders/vs_lit_textured3d_vertexlit.sc	src/Graphics/Backends/Bgfx/shaders/vs_lit_textured3d_vertexlit.sc
R100	src/CNA/Internal/Backends/Bgfx/shaders/vs_pbr3d.sc	src/Graphics/Backends/Bgfx/shaders/vs_pbr3d.sc
R100	src/CNA/Internal/Backends/Bgfx/shaders/vs_pbr_skinned3d.sc	src/Graphics/Backends/Bgfx/shaders/vs_pbr_skinned3d.sc
R100	src/CNA/Internal/Backends/Bgfx/shaders/vs_skinned3d.sc	src/Graphics/Backends/Bgfx/shaders/vs_skinned3d.sc
R100	src/CNA/Internal/Backends/Bgfx/shaders/vs_skinned3d_vertexlit.sc	src/Graphics/Backends/Bgfx/shaders/vs_skinned3d_vertexlit.sc
R100	src/CNA/Internal/Backends/Bgfx/shaders/vs_textured3d.sc	src/Graphics/Backends/Bgfx/shaders/vs_textured3d.sc
R100	src/CNA/Internal/Backends/Canvas/CanvasGraphicsBackend.cpp	src/Graphics/Backends/Canvas/CanvasGraphicsBackend.cpp
R100	src/CNA/Internal/Backends/Canvas/CanvasRenderTargetBackend.cpp	src/Graphics/Backends/Canvas/CanvasRenderTargetBackend.cpp
R100	src/CNA/Internal/Backends/Canvas/CanvasSpriteBatchBackend.cpp	src/Graphics/Backends/Canvas/CanvasSpriteBatchBackend.cpp
R100	src/CNA/Internal/Backends/Canvas/CanvasTextureBackend.cpp	src/Graphics/Backends/Canvas/CanvasTextureBackend.cpp
R100	src/CNA/Internal/Backends/D3D10/D3D10GraphicsBackend.cpp	src/Graphics/Backends/D3D10/D3D10GraphicsBackend.cpp
R100	src/CNA/Internal/Backends/D3D11/D3D11Buffers.cpp	src/Graphics/Backends/D3D11/D3D11Buffers.cpp
R100	src/CNA/Internal/Backends/D3D11/D3D11EffectBackend.cpp	src/Graphics/Backends/D3D11/D3D11EffectBackend.cpp
R100	src/CNA/Internal/Backends/D3D11/D3D11GraphicsBackend.cpp	src/Graphics/Backends/D3D11/D3D11GraphicsBackend.cpp
R100	src/CNA/Internal/Backends/D3D11/D3D11InputLayoutCache.cpp	src/Graphics/Backends/D3D11/D3D11InputLayoutCache.cpp
R100	src/CNA/Internal/Backends/D3D11/D3D11OcclusionQuery.cpp	src/Graphics/Backends/D3D11/D3D11OcclusionQuery.cpp
R100	src/CNA/Internal/Backends/D3D11/D3D11RenderTargets.cpp	src/Graphics/Backends/D3D11/D3D11RenderTargets.cpp
R100	src/CNA/Internal/Backends/D3D11/D3D11SamplerCache.cpp	src/Graphics/Backends/D3D11/D3D11SamplerCache.cpp
R100	src/CNA/Internal/Backends/D3D11/D3D11SpriteBatch.cpp	src/Graphics/Backends/D3D11/D3D11SpriteBatch.cpp
R100	src/CNA/Internal/Backends/D3D11/D3D11StateObjectCache.cpp	src/Graphics/Backends/D3D11/D3D11StateObjectCache.cpp
R100	src/CNA/Internal/Backends/D3D11/D3D11Textures.cpp	src/Graphics/Backends/D3D11/D3D11Textures.cpp
R100	src/CNA/Internal/Backends/D3D12/D3D12Buffers.cpp	src/Graphics/Backends/D3D12/D3D12Buffers.cpp
R100	src/CNA/Internal/Backends/D3D12/D3D12DescriptorHeaps.cpp	src/Graphics/Backends/D3D12/D3D12DescriptorHeaps.cpp
R100	src/CNA/Internal/Backends/D3D12/D3D12EffectBackend.cpp	src/Graphics/Backends/D3D12/D3D12EffectBackend.cpp
R100	src/CNA/Internal/Backends/D3D12/D3D12GraphicsBackend.cpp	src/Graphics/Backends/D3D12/D3D12GraphicsBackend.cpp
R100	src/CNA/Internal/Backends/D3D12/D3D12OcclusionQuery.cpp	src/Graphics/Backends/D3D12/D3D12OcclusionQuery.cpp
R100	src/CNA/Internal/Backends/D3D12/D3D12PipelineStateCache.cpp	src/Graphics/Backends/D3D12/D3D12PipelineStateCache.cpp
R100	src/CNA/Internal/Backends/D3D12/D3D12RenderTargets.cpp	src/Graphics/Backends/D3D12/D3D12RenderTargets.cpp
R100	src/CNA/Internal/Backends/D3D12/D3D12ResourceStateTracker.cpp	src/Graphics/Backends/D3D12/D3D12ResourceStateTracker.cpp
R100	src/CNA/Internal/Backends/D3D12/D3D12RootSignatureCache.cpp	src/Graphics/Backends/D3D12/D3D12RootSignatureCache.cpp
R100	src/CNA/Internal/Backends/D3D12/D3D12SamplerCache.cpp	src/Graphics/Backends/D3D12/D3D12SamplerCache.cpp
R100	src/CNA/Internal/Backends/D3D12/D3D12SpriteBatch.cpp	src/Graphics/Backends/D3D12/D3D12SpriteBatch.cpp
R100	src/CNA/Internal/Backends/D3D12/D3D12Texture3D.cpp	src/Graphics/Backends/D3D12/D3D12Texture3D.cpp
R100	src/CNA/Internal/Backends/D3D12/D3D12TextureCube.cpp	src/Graphics/Backends/D3D12/D3D12TextureCube.cpp
R100	src/CNA/Internal/Backends/D3D12/D3D12Textures.cpp	src/Graphics/Backends/D3D12/D3D12Textures.cpp
R100	src/CNA/Internal/Backends/D3D9/D3D9Buffers.cpp	src/Graphics/Backends/D3D9/D3D9Buffers.cpp
R100	src/CNA/Internal/Backends/D3D9/D3D9ConstantTable.cpp	src/Graphics/Backends/D3D9/D3D9ConstantTable.cpp
R100	src/CNA/Internal/Backends/D3D9/D3D9ConstantUpload.cpp	src/Graphics/Backends/D3D9/D3D9ConstantUpload.cpp
R100	src/CNA/Internal/Backends/D3D9/D3D9EffectBackend.cpp	src/Graphics/Backends/D3D9/D3D9EffectBackend.cpp
R099	src/CNA/Internal/Backends/D3D9/D3D9EffectDraw.cpp	src/Graphics/Backends/D3D9/D3D9EffectDraw.cpp
R100	src/CNA/Internal/Backends/D3D9/D3D9FormatMapping.cpp	src/Graphics/Backends/D3D9/D3D9FormatMapping.cpp
R100	src/CNA/Internal/Backends/D3D9/D3D9GraphicsBackend.cpp	src/Graphics/Backends/D3D9/D3D9GraphicsBackend.cpp
R099	src/CNA/Internal/Backends/D3D9/D3D9InstancedDraw.cpp	src/Graphics/Backends/D3D9/D3D9InstancedDraw.cpp
R100	src/CNA/Internal/Backends/D3D9/D3D9OcclusionQuery.cpp	src/Graphics/Backends/D3D9/D3D9OcclusionQuery.cpp
R099	src/CNA/Internal/Backends/D3D9/D3D9PbrDraw.cpp	src/Graphics/Backends/D3D9/D3D9PbrDraw.cpp
R100	src/CNA/Internal/Backends/D3D9/D3D9ProfileCapabilities.cpp	src/Graphics/Backends/D3D9/D3D9ProfileCapabilities.cpp
R100	src/CNA/Internal/Backends/D3D9/D3D9RenderTargets.cpp	src/Graphics/Backends/D3D9/D3D9RenderTargets.cpp
R097	src/CNA/Internal/Backends/D3D9/D3D9ShaderCache.cpp	src/Graphics/Backends/D3D9/D3D9ShaderCache.cpp
R100	src/CNA/Internal/Backends/D3D9/D3D9ShaderDispatch.cpp	src/Graphics/Backends/D3D9/D3D9ShaderDispatch.cpp
R098	src/CNA/Internal/Backends/D3D9/D3D9SkinnedVertexColorDraw.cpp	src/Graphics/Backends/D3D9/D3D9SkinnedVertexColorDraw.cpp
R099	src/CNA/Internal/Backends/D3D9/D3D9SpriteBatch.cpp	src/Graphics/Backends/D3D9/D3D9SpriteBatch.cpp
R100	src/CNA/Internal/Backends/D3D9/D3D9StateMapping.cpp	src/Graphics/Backends/D3D9/D3D9StateMapping.cpp
R100	src/CNA/Internal/Backends/D3D9/D3D9Textures.cpp	src/Graphics/Backends/D3D9/D3D9Textures.cpp
R100	src/CNA/Internal/Backends/D3D9/D3D9VertexDeclarations.cpp	src/Graphics/Backends/D3D9/D3D9VertexDeclarations.cpp
R098	src/CNA/Internal/Backends/D3D9/shaders/D3D9CnaShaderRegisters.hpp	src/Graphics/Backends/D3D9/shaders/D3D9CnaShaderRegisters.hpp
R100	src/CNA/Internal/Backends/D3D9/shaders/D3D9ShaderRegisters.hpp	src/Graphics/Backends/D3D9/shaders/D3D9ShaderRegisters.hpp
R100	src/CNA/Internal/Backends/D3D9/shaders/cna/Instanced3D.hlsl	src/Graphics/Backends/D3D9/shaders/cna/Instanced3D.hlsl
R100	src/CNA/Internal/Backends/D3D9/shaders/cna/Pbr3D.hlsl	src/Graphics/Backends/D3D9/shaders/cna/Pbr3D.hlsl
R100	src/CNA/Internal/Backends/D3D9/shaders/cna/PbrSkinned3D.hlsl	src/Graphics/Backends/D3D9/shaders/cna/PbrSkinned3D.hlsl
R100	src/CNA/Internal/Backends/D3D9/shaders/cna/SkinnedVertexColor3D.hlsl	src/Graphics/Backends/D3D9/shaders/cna/SkinnedVertexColor3D.hlsl
R100	src/CNA/Internal/Backends/D3D9/shaders/compare_against_fxb.py	src/Graphics/Backends/D3D9/shaders/compare_against_fxb.py
R100	src/CNA/Internal/Backends/D3D9/shaders/compile_shaders_sm2.py	src/Graphics/Backends/D3D9/shaders/compile_shaders_sm2.py
R100	src/CNA/Internal/Backends/D3D9/shaders/d3d9_instanced3d_shader.hpp	src/Graphics/Backends/D3D9/shaders/d3d9_instanced3d_shader.hpp
R100	src/CNA/Internal/Backends/D3D9/shaders/d3d9_pbr_shaders.hpp	src/Graphics/Backends/D3D9/shaders/d3d9_pbr_shaders.hpp
R100	src/CNA/Internal/Backends/D3D9/shaders/d3d9_shaders.hpp	src/Graphics/Backends/D3D9/shaders/d3d9_shaders.hpp
R100	src/CNA/Internal/Backends/D3D9/shaders/d3d9_skinned_vertex_color_shader.hpp	src/Graphics/Backends/D3D9/shaders/d3d9_skinned_vertex_color_shader.hpp
R100	src/CNA/Internal/Backends/D3D9/shaders/disasm_tool.cpp	src/Graphics/Backends/D3D9/shaders/disasm_tool.cpp
R100	src/CNA/Internal/Backends/D3D9/shaders/extract_shader_registers.py	src/Graphics/Backends/D3D9/shaders/extract_shader_registers.py
R100	src/CNA/Internal/Backends/D3D9/shaders/fxc_tool.cpp	src/Graphics/Backends/D3D9/shaders/fxc_tool.cpp
R100	src/CNA/Internal/Backends/D3D9/shaders/xna/AlphaTestEffect.fx	src/Graphics/Backends/D3D9/shaders/xna/AlphaTestEffect.fx
R100	src/CNA/Internal/Backends/D3D9/shaders/xna/BasicEffect.fx	src/Graphics/Backends/D3D9/shaders/xna/BasicEffect.fx
R100	src/CNA/Internal/Backends/D3D9/shaders/xna/Common.fxh	src/Graphics/Backends/D3D9/shaders/xna/Common.fxh
R100	src/CNA/Internal/Backends/D3D9/shaders/xna/DualTextureEffect.fx	src/Graphics/Backends/D3D9/shaders/xna/DualTextureEffect.fx
R100	src/CNA/Internal/Backends/D3D9/shaders/xna/EnvironmentMapEffect.fx	src/Graphics/Backends/D3D9/shaders/xna/EnvironmentMapEffect.fx
R100	src/CNA/Internal/Backends/D3D9/shaders/xna/LICENSE	src/Graphics/Backends/D3D9/shaders/xna/LICENSE
R100	src/CNA/Internal/Backends/D3D9/shaders/xna/Lighting.fxh	src/Graphics/Backends/D3D9/shaders/xna/Lighting.fxh
R100	src/CNA/Internal/Backends/D3D9/shaders/xna/Macros.fxh	src/Graphics/Backends/D3D9/shaders/xna/Macros.fxh
R100	src/CNA/Internal/Backends/D3D9/shaders/xna/README.md	src/Graphics/Backends/D3D9/shaders/xna/README.md
R100	src/CNA/Internal/Backends/D3D9/shaders/xna/SkinnedEffect.fx	src/Graphics/Backends/D3D9/shaders/xna/SkinnedEffect.fx
R100	src/CNA/Internal/Backends/D3D9/shaders/xna/SpriteEffect.fx	src/Graphics/Backends/D3D9/shaders/xna/SpriteEffect.fx
R100	src/CNA/Internal/Backends/D3D9/shaders/xna/Structures.fxh	src/Graphics/Backends/D3D9/shaders/xna/Structures.fxh
R100	src/CNA/Internal/Backends/D3DCommon/D3DFormatMapping.cpp	src/Graphics/Backends/D3DCommon/D3DFormatMapping.cpp
R098	src/CNA/Internal/Backends/D3DCommon/D3DShaderCache.cpp	src/Graphics/Backends/D3DCommon/D3DShaderCache.cpp
R100	src/CNA/Internal/Backends/D3DCommon/D3DStateMapping.cpp	src/Graphics/Backends/D3DCommon/D3DStateMapping.cpp
R100	src/CNA/Internal/Backends/D3DCommon/D3DVertexFormatHelper.cpp	src/Graphics/Backends/D3DCommon/D3DVertexFormatHelper.cpp
R100	src/CNA/Internal/Backends/D3DCommon/shaders/alpha_test3d.frag.hlsl	src/Graphics/Backends/D3DCommon/shaders/alpha_test3d.frag.hlsl
R100	src/CNA/Internal/Backends/D3DCommon/shaders/alpha_test3d.vert.hlsl	src/Graphics/Backends/D3DCommon/shaders/alpha_test3d.vert.hlsl
R100	src/CNA/Internal/Backends/D3DCommon/shaders/alpha_test_colored3d.frag.hlsl	src/Graphics/Backends/D3DCommon/shaders/alpha_test_colored3d.frag.hlsl
R100	src/CNA/Internal/Backends/D3DCommon/shaders/alpha_test_colored3d.vert.hlsl	src/Graphics/Backends/D3DCommon/shaders/alpha_test_colored3d.vert.hlsl
R100	src/CNA/Internal/Backends/D3DCommon/shaders/colored3d.frag.hlsl	src/Graphics/Backends/D3DCommon/shaders/colored3d.frag.hlsl
R100	src/CNA/Internal/Backends/D3DCommon/shaders/colored3d.vert.hlsl	src/Graphics/Backends/D3DCommon/shaders/colored3d.vert.hlsl
R100	src/CNA/Internal/Backends/D3DCommon/shaders/colored_textured3d.frag.hlsl	src/Graphics/Backends/D3DCommon/shaders/colored_textured3d.frag.hlsl
R100	src/CNA/Internal/Backends/D3DCommon/shaders/colored_textured3d.vert.hlsl	src/Graphics/Backends/D3DCommon/shaders/colored_textured3d.vert.hlsl
R100	src/CNA/Internal/Backends/D3DCommon/shaders/compile_shaders_hlsl.py	src/Graphics/Backends/D3DCommon/shaders/compile_shaders_hlsl.py
R100	src/CNA/Internal/Backends/D3DCommon/shaders/dual_texture3d.frag.hlsl	src/Graphics/Backends/D3DCommon/shaders/dual_texture3d.frag.hlsl
R100	src/CNA/Internal/Backends/D3DCommon/shaders/dual_texture3d.vert.hlsl	src/Graphics/Backends/D3DCommon/shaders/dual_texture3d.vert.hlsl
R100	src/CNA/Internal/Backends/D3DCommon/shaders/env_map3d.frag.hlsl	src/Graphics/Backends/D3DCommon/shaders/env_map3d.frag.hlsl
R100	src/CNA/Internal/Backends/D3DCommon/shaders/env_map3d.vert.hlsl	src/Graphics/Backends/D3DCommon/shaders/env_map3d.vert.hlsl
R100	src/CNA/Internal/Backends/D3DCommon/shaders/hlsl_compiler_tool.cpp	src/Graphics/Backends/D3DCommon/shaders/hlsl_compiler_tool.cpp
R100	src/CNA/Internal/Backends/D3DCommon/shaders/hlsl_shaders.hpp	src/Graphics/Backends/D3DCommon/shaders/hlsl_shaders.hpp
R100	src/CNA/Internal/Backends/D3DCommon/shaders/instanced3d.frag.hlsl	src/Graphics/Backends/D3DCommon/shaders/instanced3d.frag.hlsl
R100	src/CNA/Internal/Backends/D3DCommon/shaders/instanced3d.vert.hlsl	src/Graphics/Backends/D3DCommon/shaders/instanced3d.vert.hlsl
R100	src/CNA/Internal/Backends/D3DCommon/shaders/lit_textured3d.frag.hlsl	src/Graphics/Backends/D3DCommon/shaders/lit_textured3d.frag.hlsl
R100	src/CNA/Internal/Backends/D3DCommon/shaders/lit_textured3d.vert.hlsl	src/Graphics/Backends/D3DCommon/shaders/lit_textured3d.vert.hlsl
R100	src/CNA/Internal/Backends/D3DCommon/shaders/lit_textured3d_vertexlit.frag.hlsl	src/Graphics/Backends/D3DCommon/shaders/lit_textured3d_vertexlit.frag.hlsl
R100	src/CNA/Internal/Backends/D3DCommon/shaders/lit_textured3d_vertexlit.vert.hlsl	src/Graphics/Backends/D3DCommon/shaders/lit_textured3d_vertexlit.vert.hlsl
R100	src/CNA/Internal/Backends/D3DCommon/shaders/pbr3d.frag.hlsl	src/Graphics/Backends/D3DCommon/shaders/pbr3d.frag.hlsl
R100	src/CNA/Internal/Backends/D3DCommon/shaders/pbr3d.vert.hlsl	src/Graphics/Backends/D3DCommon/shaders/pbr3d.vert.hlsl
R100	src/CNA/Internal/Backends/D3DCommon/shaders/pbr_skinned3d.frag.hlsl	src/Graphics/Backends/D3DCommon/shaders/pbr_skinned3d.frag.hlsl
R100	src/CNA/Internal/Backends/D3DCommon/shaders/pbr_skinned3d.vert.hlsl	src/Graphics/Backends/D3DCommon/shaders/pbr_skinned3d.vert.hlsl
R100	src/CNA/Internal/Backends/D3DCommon/shaders/skinned3d.frag.hlsl	src/Graphics/Backends/D3DCommon/shaders/skinned3d.frag.hlsl
R100	src/CNA/Internal/Backends/D3DCommon/shaders/skinned3d.vert.hlsl	src/Graphics/Backends/D3DCommon/shaders/skinned3d.vert.hlsl
R100	src/CNA/Internal/Backends/D3DCommon/shaders/skinned3d_vertexlit.frag.hlsl	src/Graphics/Backends/D3DCommon/shaders/skinned3d_vertexlit.frag.hlsl
R100	src/CNA/Internal/Backends/D3DCommon/shaders/skinned3d_vertexlit.vert.hlsl	src/Graphics/Backends/D3DCommon/shaders/skinned3d_vertexlit.vert.hlsl
R100	src/CNA/Internal/Backends/D3DCommon/shaders/skinned_colored3d.frag.hlsl	src/Graphics/Backends/D3DCommon/shaders/skinned_colored3d.frag.hlsl
R100	src/CNA/Internal/Backends/D3DCommon/shaders/skinned_colored3d.vert.hlsl	src/Graphics/Backends/D3DCommon/shaders/skinned_colored3d.vert.hlsl
R100	src/CNA/Internal/Backends/D3DCommon/shaders/skinned_colored3d_vertexlit.frag.hlsl	src/Graphics/Backends/D3DCommon/shaders/skinned_colored3d_vertexlit.frag.hlsl
R100	src/CNA/Internal/Backends/D3DCommon/shaders/skinned_colored3d_vertexlit.vert.hlsl	src/Graphics/Backends/D3DCommon/shaders/skinned_colored3d_vertexlit.vert.hlsl
R100	src/CNA/Internal/Backends/D3DCommon/shaders/sprite2d.frag.hlsl	src/Graphics/Backends/D3DCommon/shaders/sprite2d.frag.hlsl
R100	src/CNA/Internal/Backends/D3DCommon/shaders/sprite2d.vert.hlsl	src/Graphics/Backends/D3DCommon/shaders/sprite2d.vert.hlsl
R100	src/CNA/Internal/Backends/D3DCommon/shaders/textured3d.frag.hlsl	src/Graphics/Backends/D3DCommon/shaders/textured3d.frag.hlsl
R100	src/CNA/Internal/Backends/D3DCommon/shaders/textured3d.vert.hlsl	src/Graphics/Backends/D3DCommon/shaders/textured3d.vert.hlsl
R100	src/CNA/Internal/Backends/Diligent/DiligentGraphicsBackend.cpp	src/Graphics/Backends/Diligent/DiligentGraphicsBackend.cpp
R100	src/CNA/Internal/Backends/Direct2D/Direct2DGraphicsBackend.cpp	src/Graphics/Backends/Direct2D/Direct2DGraphicsBackend.cpp
R100	src/CNA/Internal/Backends/Dx1/Dx1GraphicsBackend.cpp	src/Graphics/Backends/Dx1/Dx1GraphicsBackend.cpp
R100	src/CNA/Internal/Backends/Dx2/Dx2GraphicsBackend.cpp	src/Graphics/Backends/Dx2/Dx2GraphicsBackend.cpp
R100	src/CNA/Internal/Backends/Dx3/Dx3GraphicsBackend.cpp	src/Graphics/Backends/Dx3/Dx3GraphicsBackend.cpp
R100	src/CNA/Internal/Backends/Dx5/Dx5GraphicsBackend.cpp	src/Graphics/Backends/Dx5/Dx5GraphicsBackend.cpp
R100	src/CNA/Internal/Backends/Dx6/Dx6GraphicsBackend.cpp	src/Graphics/Backends/Dx6/Dx6GraphicsBackend.cpp
R100	src/CNA/Internal/Backends/Dx7/Dx7GraphicsBackend.cpp	src/Graphics/Backends/Dx7/Dx7GraphicsBackend.cpp
R100	src/CNA/Internal/Backends/Dx8/Dx8GraphicsBackend.cpp	src/Graphics/Backends/Dx8/Dx8GraphicsBackend.cpp
R100	src/CNA/Internal/Backends/EasyGL/EasyGLGraphicsBackend.cpp	src/Graphics/Backends/EasyGL/EasyGLGraphicsBackend.cpp
R100	src/CNA/Internal/Backends/FreeDirect/FreeDirectGraphicsBackend.cpp	src/Graphics/Backends/FreeDirect/FreeDirectGraphicsBackend.cpp
R100	src/CNA/Internal/Backends/Gdi/GdiConfiguration.cpp	src/Graphics/Backends/Gdi/GdiConfiguration.cpp
R100	src/CNA/Internal/Backends/Gdi/GdiGraphicsBackend.cpp	src/Graphics/Backends/Gdi/GdiGraphicsBackend.cpp
R100	src/CNA/Internal/Backends/Gdi/GdiPresentation.cpp	src/Graphics/Backends/Gdi/GdiPresentation.cpp
R100	src/CNA/Internal/Backends/Glide/GlideGraphicsBackend.cpp	src/Graphics/Backends/Glide/GlideGraphicsBackend.cpp
R100	src/CNA/Internal/Backends/Headless/HeadlessGraphicsBackend.cpp	src/Graphics/Backends/Headless/HeadlessGraphicsBackend.cpp
R100	src/CNA/Internal/Backends/HtmlDom/HtmlDomGraphicsBackend.cpp	src/Graphics/Backends/HtmlDom/HtmlDomGraphicsBackend.cpp
R100	src/CNA/Internal/Backends/HtmlDom/HtmlDomRenderTargetBackend.cpp	src/Graphics/Backends/HtmlDom/HtmlDomRenderTargetBackend.cpp
R100	src/CNA/Internal/Backends/HtmlDom/HtmlDomSpriteBatchBackend.cpp	src/Graphics/Backends/HtmlDom/HtmlDomSpriteBatchBackend.cpp
R100	src/CNA/Internal/Backends/HtmlDom/HtmlDomState.cpp	src/Graphics/Backends/HtmlDom/HtmlDomState.cpp
R100	src/CNA/Internal/Backends/HtmlDom/HtmlDomTextureBackend.cpp	src/Graphics/Backends/HtmlDom/HtmlDomTextureBackend.cpp
R100	src/CNA/Internal/Backends/Llgl/LlglGraphicsBackend.cpp	src/Graphics/Backends/Llgl/LlglGraphicsBackend.cpp
R100	src/CNA/Internal/Backends/Llgl/LlglRendererSelection.cpp	src/Graphics/Backends/Llgl/LlglRendererSelection.cpp
R100	src/CNA/Internal/Backends/Llgl/LlglSdlSurface.cpp	src/Graphics/Backends/Llgl/LlglSdlSurface.cpp
R100	src/CNA/Internal/Backends/Llgl/shaders/colored3d.gl.vert.glsl	src/Graphics/Backends/Llgl/shaders/colored3d.gl.vert.glsl
R100	src/CNA/Internal/Backends/Llgl/shaders/colored3d.vert.glsl	src/Graphics/Backends/Llgl/shaders/colored3d.vert.glsl
R100	src/CNA/Internal/Backends/Llgl/shaders/colored_textured3d.gl.vert.glsl	src/Graphics/Backends/Llgl/shaders/colored_textured3d.gl.vert.glsl
R100	src/CNA/Internal/Backends/Llgl/shaders/colored_textured3d.vert.glsl	src/Graphics/Backends/Llgl/shaders/colored_textured3d.vert.glsl
R100	src/CNA/Internal/Backends/Llgl/shaders/compile_shaders.py	src/Graphics/Backends/Llgl/shaders/compile_shaders.py
R100	src/CNA/Internal/Backends/Llgl/shaders/dual_textured3d.frag.glsl	src/Graphics/Backends/Llgl/shaders/dual_textured3d.frag.glsl
R100	src/CNA/Internal/Backends/Llgl/shaders/dual_textured3d.gl.frag.glsl	src/Graphics/Backends/Llgl/shaders/dual_textured3d.gl.frag.glsl
R100	src/CNA/Internal/Backends/Llgl/shaders/effect3d_common.glsl.inc	src/Graphics/Backends/Llgl/shaders/effect3d_common.glsl.inc
R100	src/CNA/Internal/Backends/Llgl/shaders/env_map3d.frag.glsl	src/Graphics/Backends/Llgl/shaders/env_map3d.frag.glsl
R100	src/CNA/Internal/Backends/Llgl/shaders/env_map3d.gl.frag.glsl	src/Graphics/Backends/Llgl/shaders/env_map3d.gl.frag.glsl
R100	src/CNA/Internal/Backends/Llgl/shaders/env_map3d.gl.vert.glsl	src/Graphics/Backends/Llgl/shaders/env_map3d.gl.vert.glsl
R100	src/CNA/Internal/Backends/Llgl/shaders/env_map3d.vert.glsl	src/Graphics/Backends/Llgl/shaders/env_map3d.vert.glsl
R100	src/CNA/Internal/Backends/Llgl/shaders/flat3d.gl.vert.glsl	src/Graphics/Backends/Llgl/shaders/flat3d.gl.vert.glsl
R100	src/CNA/Internal/Backends/Llgl/shaders/flat3d.vert.glsl	src/Graphics/Backends/Llgl/shaders/flat3d.vert.glsl
R100	src/CNA/Internal/Backends/Llgl/shaders/lit_colored3d.gl.vert.glsl	src/Graphics/Backends/Llgl/shaders/lit_colored3d.gl.vert.glsl
R100	src/CNA/Internal/Backends/Llgl/shaders/lit_colored3d.vert.glsl	src/Graphics/Backends/Llgl/shaders/lit_colored3d.vert.glsl
R100	src/CNA/Internal/Backends/Llgl/shaders/lit_colored_textured3d.gl.vert.glsl	src/Graphics/Backends/Llgl/shaders/lit_colored_textured3d.gl.vert.glsl
R100	src/CNA/Internal/Backends/Llgl/shaders/lit_colored_textured3d.vert.glsl	src/Graphics/Backends/Llgl/shaders/lit_colored_textured3d.vert.glsl
R100	src/CNA/Internal/Backends/Llgl/shaders/lit_flat3d.gl.vert.glsl	src/Graphics/Backends/Llgl/shaders/lit_flat3d.gl.vert.glsl
R100	src/CNA/Internal/Backends/Llgl/shaders/lit_flat3d.vert.glsl	src/Graphics/Backends/Llgl/shaders/lit_flat3d.vert.glsl
R100	src/CNA/Internal/Backends/Llgl/shaders/lit_textured3d.frag.glsl	src/Graphics/Backends/Llgl/shaders/lit_textured3d.frag.glsl
R100	src/CNA/Internal/Backends/Llgl/shaders/lit_textured3d.gl.frag.glsl	src/Graphics/Backends/Llgl/shaders/lit_textured3d.gl.frag.glsl
R100	src/CNA/Internal/Backends/Llgl/shaders/lit_textured3d.gl.vert.glsl	src/Graphics/Backends/Llgl/shaders/lit_textured3d.gl.vert.glsl
R100	src/CNA/Internal/Backends/Llgl/shaders/lit_textured3d.vert.glsl	src/Graphics/Backends/Llgl/shaders/lit_textured3d.vert.glsl
R100	src/CNA/Internal/Backends/Llgl/shaders/lit_textured3d_flatnormal.gl.vert.glsl	src/Graphics/Backends/Llgl/shaders/lit_textured3d_flatnormal.gl.vert.glsl
R100	src/CNA/Internal/Backends/Llgl/shaders/lit_textured3d_flatnormal.vert.glsl	src/Graphics/Backends/Llgl/shaders/lit_textured3d_flatnormal.vert.glsl
R100	src/CNA/Internal/Backends/Llgl/shaders/lit_untextured3d.frag.glsl	src/Graphics/Backends/Llgl/shaders/lit_untextured3d.frag.glsl
R100	src/CNA/Internal/Backends/Llgl/shaders/lit_untextured3d.gl.frag.glsl	src/Graphics/Backends/Llgl/shaders/lit_untextured3d.gl.frag.glsl
R100	src/CNA/Internal/Backends/Llgl/shaders/llgl_shaders.hpp	src/Graphics/Backends/Llgl/shaders/llgl_shaders.hpp
R100	src/CNA/Internal/Backends/Llgl/shaders/pbr3d.frag.glsl	src/Graphics/Backends/Llgl/shaders/pbr3d.frag.glsl
R100	src/CNA/Internal/Backends/Llgl/shaders/pbr3d.gl.frag.glsl	src/Graphics/Backends/Llgl/shaders/pbr3d.gl.frag.glsl
R100	src/CNA/Internal/Backends/Llgl/shaders/pbr3d.gl.vert.glsl	src/Graphics/Backends/Llgl/shaders/pbr3d.gl.vert.glsl
R100	src/CNA/Internal/Backends/Llgl/shaders/pbr3d.vert.glsl	src/Graphics/Backends/Llgl/shaders/pbr3d.vert.glsl
R100	src/CNA/Internal/Backends/Llgl/shaders/pbr3d_skinned.gl.vert.glsl	src/Graphics/Backends/Llgl/shaders/pbr3d_skinned.gl.vert.glsl
R100	src/CNA/Internal/Backends/Llgl/shaders/pbr3d_skinned.vert.glsl	src/Graphics/Backends/Llgl/shaders/pbr3d_skinned.vert.glsl
R100	src/CNA/Internal/Backends/Llgl/shaders/skinned3d.frag.glsl	src/Graphics/Backends/Llgl/shaders/skinned3d.frag.glsl
R100	src/CNA/Internal/Backends/Llgl/shaders/skinned3d.gl.frag.glsl	src/Graphics/Backends/Llgl/shaders/skinned3d.gl.frag.glsl
R100	src/CNA/Internal/Backends/Llgl/shaders/skinned3d.gl.vert.glsl	src/Graphics/Backends/Llgl/shaders/skinned3d.gl.vert.glsl
R100	src/CNA/Internal/Backends/Llgl/shaders/skinned3d.vert.glsl	src/Graphics/Backends/Llgl/shaders/skinned3d.vert.glsl
R100	src/CNA/Internal/Backends/Llgl/shaders/skinned3d_color.frag.glsl	src/Graphics/Backends/Llgl/shaders/skinned3d_color.frag.glsl
R100	src/CNA/Internal/Backends/Llgl/shaders/skinned3d_color.gl.frag.glsl	src/Graphics/Backends/Llgl/shaders/skinned3d_color.gl.frag.glsl
R100	src/CNA/Internal/Backends/Llgl/shaders/skinned3d_color.gl.vert.glsl	src/Graphics/Backends/Llgl/shaders/skinned3d_color.gl.vert.glsl
R100	src/CNA/Internal/Backends/Llgl/shaders/skinned3d_color.vert.glsl	src/Graphics/Backends/Llgl/shaders/skinned3d_color.vert.glsl
R100	src/CNA/Internal/Backends/Llgl/shaders/sprite2d.frag.glsl	src/Graphics/Backends/Llgl/shaders/sprite2d.frag.glsl
R100	src/CNA/Internal/Backends/Llgl/shaders/sprite2d.gl.frag.glsl	src/Graphics/Backends/Llgl/shaders/sprite2d.gl.frag.glsl
R100	src/CNA/Internal/Backends/Llgl/shaders/sprite2d.gl.vert.glsl	src/Graphics/Backends/Llgl/shaders/sprite2d.gl.vert.glsl
R100	src/CNA/Internal/Backends/Llgl/shaders/sprite2d.vert.glsl	src/Graphics/Backends/Llgl/shaders/sprite2d.vert.glsl
R100	src/CNA/Internal/Backends/Llgl/shaders/textured3d.frag.glsl	src/Graphics/Backends/Llgl/shaders/textured3d.frag.glsl
R100	src/CNA/Internal/Backends/Llgl/shaders/textured3d.gl.frag.glsl	src/Graphics/Backends/Llgl/shaders/textured3d.gl.frag.glsl
R100	src/CNA/Internal/Backends/Llgl/shaders/textured3d.gl.vert.glsl	src/Graphics/Backends/Llgl/shaders/textured3d.gl.vert.glsl
R100	src/CNA/Internal/Backends/Llgl/shaders/textured3d.vert.glsl	src/Graphics/Backends/Llgl/shaders/textured3d.vert.glsl
R100	src/CNA/Internal/Backends/Llgl/shaders/untextured3d.frag.glsl	src/Graphics/Backends/Llgl/shaders/untextured3d.frag.glsl
R100	src/CNA/Internal/Backends/Llgl/shaders/untextured3d.gl.frag.glsl	src/Graphics/Backends/Llgl/shaders/untextured3d.gl.frag.glsl
R100	src/CNA/Internal/Backends/Magnum/MagnumBuffers.cpp	src/Graphics/Backends/Magnum/MagnumBuffers.cpp
R100	src/CNA/Internal/Backends/Magnum/MagnumEffectBackend.cpp	src/Graphics/Backends/Magnum/MagnumEffectBackend.cpp
R100	src/CNA/Internal/Backends/Magnum/MagnumGraphicsBackend.cpp	src/Graphics/Backends/Magnum/MagnumGraphicsBackend.cpp
R100	src/CNA/Internal/Backends/Magnum/MagnumProgram.cpp	src/Graphics/Backends/Magnum/MagnumProgram.cpp
R100	src/CNA/Internal/Backends/Magnum/MagnumRenderTargets.cpp	src/Graphics/Backends/Magnum/MagnumRenderTargets.cpp
R100	src/CNA/Internal/Backends/Magnum/MagnumSpriteBatchBackend.cpp	src/Graphics/Backends/Magnum/MagnumSpriteBatchBackend.cpp
R100	src/CNA/Internal/Backends/Magnum/MagnumStateMapping.cpp	src/Graphics/Backends/Magnum/MagnumStateMapping.cpp
R100	src/CNA/Internal/Backends/Magnum/MagnumStockShaders.cpp	src/Graphics/Backends/Magnum/MagnumStockShaders.cpp
R100	src/CNA/Internal/Backends/Magnum/MagnumTextures.cpp	src/Graphics/Backends/Magnum/MagnumTextures.cpp
R100	src/CNA/Internal/Backends/Metal/MetalGraphicsBackend.mm	src/Graphics/Backends/Metal/MetalGraphicsBackend.mm
R100	src/CNA/Internal/Backends/OpenGL1/OpenGL1Capabilities.cpp	src/Graphics/Backends/OpenGL1/OpenGL1Capabilities.cpp
R100	src/CNA/Internal/Backends/OpenGL1/OpenGL1ContextRecovery.cpp	src/Graphics/Backends/OpenGL1/OpenGL1ContextRecovery.cpp
R100	src/CNA/Internal/Backends/OpenGL1/OpenGL1GraphicsBackend.cpp	src/Graphics/Backends/OpenGL1/OpenGL1GraphicsBackend.cpp
R100	src/CNA/Internal/Backends/OpenGL1/OpenGL1OcclusionQueryBackend.cpp	src/Graphics/Backends/OpenGL1/OpenGL1OcclusionQueryBackend.cpp
R100	src/CNA/Internal/Backends/OpenGL1/OpenGL1RenderTargetBackend.cpp	src/Graphics/Backends/OpenGL1/OpenGL1RenderTargetBackend.cpp
R100	src/CNA/Internal/Backends/OpenGL2/OpenGL2GraphicsBackend.cpp	src/Graphics/Backends/OpenGL2/OpenGL2GraphicsBackend.cpp
R100	src/CNA/Internal/Backends/OpenGL4/GL4Loader.cpp	src/Graphics/Backends/OpenGL4/GL4Loader.cpp
R100	src/CNA/Internal/Backends/OpenGL4/OpenGL4GraphicsBackend.cpp	src/Graphics/Backends/OpenGL4/OpenGL4GraphicsBackend.cpp
R100	src/CNA/Internal/Backends/OpenGLES1/OpenGLES1GraphicsBackend.cpp	src/Graphics/Backends/OpenGLES1/OpenGLES1GraphicsBackend.cpp
R099	src/CNA/Internal/Backends/SdlGpu/SdlGpuGraphicsBackend.cpp	src/Graphics/Backends/SdlGpu/SdlGpuGraphicsBackend.cpp
R100	src/CNA/Internal/Backends/SdlGpu/shaders/alpha_test3d.frag.glsl	src/Graphics/Backends/SdlGpu/shaders/alpha_test3d.frag.glsl
R100	src/CNA/Internal/Backends/SdlGpu/shaders/alpha_test3d.vert.glsl	src/Graphics/Backends/SdlGpu/shaders/alpha_test3d.vert.glsl
R100	src/CNA/Internal/Backends/SdlGpu/shaders/alpha_test_colored3d.vert.glsl	src/Graphics/Backends/SdlGpu/shaders/alpha_test_colored3d.vert.glsl
R100	src/CNA/Internal/Backends/SdlGpu/shaders/colored3d.frag.glsl	src/Graphics/Backends/SdlGpu/shaders/colored3d.frag.glsl
R100	src/CNA/Internal/Backends/SdlGpu/shaders/colored3d.vert.glsl	src/Graphics/Backends/SdlGpu/shaders/colored3d.vert.glsl
R100	src/CNA/Internal/Backends/SdlGpu/shaders/colored_textured3d.vert.glsl	src/Graphics/Backends/SdlGpu/shaders/colored_textured3d.vert.glsl
R100	src/CNA/Internal/Backends/SdlGpu/shaders/compile_shaders.py	src/Graphics/Backends/SdlGpu/shaders/compile_shaders.py
R100	src/CNA/Internal/Backends/SdlGpu/shaders/dual_texture3d.frag.glsl	src/Graphics/Backends/SdlGpu/shaders/dual_texture3d.frag.glsl
R100	src/CNA/Internal/Backends/SdlGpu/shaders/dual_texture3d.vert.glsl	src/Graphics/Backends/SdlGpu/shaders/dual_texture3d.vert.glsl
R100	src/CNA/Internal/Backends/SdlGpu/shaders/dual_texture_colored3d.vert.glsl	src/Graphics/Backends/SdlGpu/shaders/dual_texture_colored3d.vert.glsl
R100	src/CNA/Internal/Backends/SdlGpu/shaders/env_map3d.frag.glsl	src/Graphics/Backends/SdlGpu/shaders/env_map3d.frag.glsl
R100	src/CNA/Internal/Backends/SdlGpu/shaders/env_map3d.vert.glsl	src/Graphics/Backends/SdlGpu/shaders/env_map3d.vert.glsl
R100	src/CNA/Internal/Backends/SdlGpu/shaders/lit_textured3d.frag.glsl	src/Graphics/Backends/SdlGpu/shaders/lit_textured3d.frag.glsl
R100	src/CNA/Internal/Backends/SdlGpu/shaders/lit_textured3d.vert.glsl	src/Graphics/Backends/SdlGpu/shaders/lit_textured3d.vert.glsl
R100	src/CNA/Internal/Backends/SdlGpu/shaders/pbr3d.frag.glsl	src/Graphics/Backends/SdlGpu/shaders/pbr3d.frag.glsl
R100	src/CNA/Internal/Backends/SdlGpu/shaders/pbr3d.vert.glsl	src/Graphics/Backends/SdlGpu/shaders/pbr3d.vert.glsl
R100	src/CNA/Internal/Backends/SdlGpu/shaders/pbr_skinned3d.vert.glsl	src/Graphics/Backends/SdlGpu/shaders/pbr_skinned3d.vert.glsl
R100	src/CNA/Internal/Backends/SdlGpu/shaders/skinned3d.vert.glsl	src/Graphics/Backends/SdlGpu/shaders/skinned3d.vert.glsl
R100	src/CNA/Internal/Backends/SdlGpu/shaders/skinned_colored3d.frag.glsl	src/Graphics/Backends/SdlGpu/shaders/skinned_colored3d.frag.glsl
R100	src/CNA/Internal/Backends/SdlGpu/shaders/skinned_colored3d.vert.glsl	src/Graphics/Backends/SdlGpu/shaders/skinned_colored3d.vert.glsl
R100	src/CNA/Internal/Backends/SdlGpu/shaders/spirv_shaders.hpp	src/Graphics/Backends/SdlGpu/shaders/spirv_shaders.hpp
R100	src/CNA/Internal/Backends/SdlGpu/shaders/sprite2d.frag.glsl	src/Graphics/Backends/SdlGpu/shaders/sprite2d.frag.glsl
R100	src/CNA/Internal/Backends/SdlGpu/shaders/sprite2d.vert.glsl	src/Graphics/Backends/SdlGpu/shaders/sprite2d.vert.glsl
R100	src/CNA/Internal/Backends/SdlGpu/shaders/textured3d.frag.glsl	src/Graphics/Backends/SdlGpu/shaders/textured3d.frag.glsl
R100	src/CNA/Internal/Backends/SdlGpu/shaders/textured3d.vert.glsl	src/Graphics/Backends/SdlGpu/shaders/textured3d.vert.glsl
R100	src/CNA/Internal/Backends/SdlRenderer/SdlGraphicsBackend.cpp	src/Graphics/Backends/SdlRenderer/SdlGraphicsBackend.cpp
R100	src/CNA/Internal/Backends/Skia/SkiaCompressedMipChain2D.cpp	src/Graphics/Backends/Skia/SkiaCompressedMipChain2D.cpp
R100	src/CNA/Internal/Backends/Skia/SkiaEffectBackend.cpp	src/Graphics/Backends/Skia/SkiaEffectBackend.cpp
R100	src/CNA/Internal/Backends/Skia/SkiaGaneshContext.cpp	src/Graphics/Backends/Skia/SkiaGaneshContext.cpp
R100	src/CNA/Internal/Backends/Skia/SkiaGaneshSurface.cpp	src/Graphics/Backends/Skia/SkiaGaneshSurface.cpp
R100	src/CNA/Internal/Backends/Skia/SkiaGeneratedBlender.cpp	src/Graphics/Backends/Skia/SkiaGeneratedBlender.cpp
R100	src/CNA/Internal/Backends/Skia/SkiaGlslToSkslTranslatorEXT.cpp	src/Graphics/Backends/Skia/SkiaGlslToSkslTranslatorEXT.cpp
R100	src/CNA/Internal/Backends/Skia/SkiaGraphicsBackend.cpp	src/Graphics/Backends/Skia/SkiaGraphicsBackend.cpp
R100	src/CNA/Internal/Backends/Skia/SkiaMeshEffectBackend.cpp	src/Graphics/Backends/Skia/SkiaMeshEffectBackend.cpp
R100	src/CNA/Internal/Backends/Skia/SkiaMipChain2D.cpp	src/Graphics/Backends/Skia/SkiaMipChain2D.cpp
R100	src/CNA/Internal/Backends/Skia/SkiaMipGeneration.cpp	src/Graphics/Backends/Skia/SkiaMipGeneration.cpp
R100	src/CNA/Internal/Backends/Skia/SkiaMipSampling.cpp	src/Graphics/Backends/Skia/SkiaMipSampling.cpp
R100	src/CNA/Internal/Backends/Skia/SkiaRenderTargetBackend.cpp	src/Graphics/Backends/Skia/SkiaRenderTargetBackend.cpp
R100	src/CNA/Internal/Backends/Skia/SkiaRenderTargetCubeBackend.cpp	src/Graphics/Backends/Skia/SkiaRenderTargetCubeBackend.cpp
R100	src/CNA/Internal/Backends/Skia/SkiaSpriteBatchBackend.cpp	src/Graphics/Backends/Skia/SkiaSpriteBatchBackend.cpp
R100	src/CNA/Internal/Backends/Skia/SkiaSurface.cpp	src/Graphics/Backends/Skia/SkiaSurface.cpp
R100	src/CNA/Internal/Backends/Skia/SkiaTextureBackend.cpp	src/Graphics/Backends/Skia/SkiaTextureBackend.cpp
R100	src/CNA/Internal/Backends/Skia/SkiaTextureStorageBackends.cpp	src/Graphics/Backends/Skia/SkiaTextureStorageBackends.cpp
R100	src/CNA/Internal/Backends/Skia/SkiaVolumeSampling.cpp	src/Graphics/Backends/Skia/SkiaVolumeSampling.cpp
R100	src/CNA/Internal/Backends/Software/SoftwareFramebuffer.cpp	src/Graphics/Backends/Software/SoftwareFramebuffer.cpp
R100	src/CNA/Internal/Backends/Software/SoftwareFramebufferAllocation.cpp	src/Graphics/Backends/Software/SoftwareFramebufferAllocation.cpp
R100	src/CNA/Internal/Backends/Software/SoftwareFramebufferErrors.hpp	src/Graphics/Backends/Software/SoftwareFramebufferErrors.hpp
R100	src/CNA/Internal/Backends/Software/SoftwareGraphicsBackend.cpp	src/Graphics/Backends/Software/SoftwareGraphicsBackend.cpp
R100	src/CNA/Internal/Backends/Software/SoftwareGraphicsBackend2D.cpp	src/Graphics/Backends/Software/SoftwareGraphicsBackend2D.cpp
R100	src/CNA/Internal/Backends/Software/SoftwareGraphicsBackend2DState.cpp	src/Graphics/Backends/Software/SoftwareGraphicsBackend2DState.cpp
R100	src/CNA/Internal/Backends/Software/SoftwareRenderTarget2D.cpp	src/Graphics/Backends/Software/SoftwareRenderTarget2D.cpp
R100	src/CNA/Internal/Backends/Software/SoftwareSpriteBatch.cpp	src/Graphics/Backends/Software/SoftwareSpriteBatch.cpp
R100	src/CNA/Internal/Backends/Software/SoftwareTexture2D.cpp	src/Graphics/Backends/Software/SoftwareTexture2D.cpp
R100	src/CNA/Internal/Backends/Software/SoftwareTextureAllocation.cpp	src/Graphics/Backends/Software/SoftwareTextureAllocation.cpp
R100	src/CNA/Internal/Backends/Software/SoftwareTextureErrors.hpp	src/Graphics/Backends/Software/SoftwareTextureErrors.hpp
R099	src/CNA/Internal/Backends/Sokol/SokolGraphicsBackend.cpp	src/Graphics/Backends/Sokol/SokolGraphicsBackend.cpp
R093	src/CNA/Internal/Backends/Sokol/SokolImpl.cpp	src/Graphics/Backends/Sokol/SokolImpl.cpp
R100	src/CNA/Internal/Backends/Sokol/shaders/colored3d.glsl	src/Graphics/Backends/Sokol/shaders/colored3d.glsl
R100	src/CNA/Internal/Backends/Sokol/shaders/compile_shaders.py	src/Graphics/Backends/Sokol/shaders/compile_shaders.py
R100	src/CNA/Internal/Backends/Sokol/shaders/dualtextured3d.glsl	src/Graphics/Backends/Sokol/shaders/dualtextured3d.glsl
R100	src/CNA/Internal/Backends/Sokol/shaders/envmap3d.glsl	src/Graphics/Backends/Sokol/shaders/envmap3d.glsl
R100	src/CNA/Internal/Backends/Sokol/shaders/instanced3d.glsl	src/Graphics/Backends/Sokol/shaders/instanced3d.glsl
R100	src/CNA/Internal/Backends/Sokol/shaders/lit3d.glsl	src/Graphics/Backends/Sokol/shaders/lit3d.glsl
R100	src/CNA/Internal/Backends/Sokol/shaders/skinned3d.glsl	src/Graphics/Backends/Sokol/shaders/skinned3d.glsl
R100	src/CNA/Internal/Backends/Sokol/shaders/sokol_shaders.hpp	src/Graphics/Backends/Sokol/shaders/sokol_shaders.hpp
R100	src/CNA/Internal/Backends/Sokol/shaders/sprite.glsl	src/Graphics/Backends/Sokol/shaders/sprite.glsl
R100	src/CNA/Internal/Backends/Sokol/shaders/textured3d.glsl	src/Graphics/Backends/Sokol/shaders/textured3d.glsl
R100	src/CNA/Internal/Backends/Stub/StubGraphicsBackend.cpp	src/Graphics/Backends/Stub/StubGraphicsBackend.cpp
R099	src/CNA/Internal/Backends/Vulkan/VulkanGraphicsBackend.cpp	src/Graphics/Backends/Vulkan/VulkanGraphicsBackend.cpp
R100	src/CNA/Internal/Backends/Vulkan/shaders/alpha_test3d.frag.glsl	src/Graphics/Backends/Vulkan/shaders/alpha_test3d.frag.glsl
R100	src/CNA/Internal/Backends/Vulkan/shaders/alpha_test3d.vert.glsl	src/Graphics/Backends/Vulkan/shaders/alpha_test3d.vert.glsl
R100	src/CNA/Internal/Backends/Vulkan/shaders/alpha_test_colored3d.vert.glsl	src/Graphics/Backends/Vulkan/shaders/alpha_test_colored3d.vert.glsl
R100	src/CNA/Internal/Backends/Vulkan/shaders/colored3d.frag.glsl	src/Graphics/Backends/Vulkan/shaders/colored3d.frag.glsl
R100	src/CNA/Internal/Backends/Vulkan/shaders/colored3d.vert.glsl	src/Graphics/Backends/Vulkan/shaders/colored3d.vert.glsl
R100	src/CNA/Internal/Backends/Vulkan/shaders/colored3d_legacy.vert.glsl	src/Graphics/Backends/Vulkan/shaders/colored3d_legacy.vert.glsl
R100	src/CNA/Internal/Backends/Vulkan/shaders/colored_textured3d.frag.glsl	src/Graphics/Backends/Vulkan/shaders/colored_textured3d.frag.glsl
R100	src/CNA/Internal/Backends/Vulkan/shaders/colored_textured3d.vert.glsl	src/Graphics/Backends/Vulkan/shaders/colored_textured3d.vert.glsl
R100	src/CNA/Internal/Backends/Vulkan/shaders/compile_shaders.py	src/Graphics/Backends/Vulkan/shaders/compile_shaders.py
R100	src/CNA/Internal/Backends/Vulkan/shaders/dual_texture3d.frag.glsl	src/Graphics/Backends/Vulkan/shaders/dual_texture3d.frag.glsl
R100	src/CNA/Internal/Backends/Vulkan/shaders/dual_texture3d.vert.glsl	src/Graphics/Backends/Vulkan/shaders/dual_texture3d.vert.glsl
R100	src/CNA/Internal/Backends/Vulkan/shaders/dual_texture_colored3d.vert.glsl	src/Graphics/Backends/Vulkan/shaders/dual_texture_colored3d.vert.glsl
R100	src/CNA/Internal/Backends/Vulkan/shaders/env_map3d.frag.glsl	src/Graphics/Backends/Vulkan/shaders/env_map3d.frag.glsl
R100	src/CNA/Internal/Backends/Vulkan/shaders/env_map3d.vert.glsl	src/Graphics/Backends/Vulkan/shaders/env_map3d.vert.glsl
R100	src/CNA/Internal/Backends/Vulkan/shaders/instanced3d.frag.glsl	src/Graphics/Backends/Vulkan/shaders/instanced3d.frag.glsl
R100	src/CNA/Internal/Backends/Vulkan/shaders/instanced3d.vert.glsl	src/Graphics/Backends/Vulkan/shaders/instanced3d.vert.glsl
R100	src/CNA/Internal/Backends/Vulkan/shaders/instanced_colored3d.vert.glsl	src/Graphics/Backends/Vulkan/shaders/instanced_colored3d.vert.glsl
R100	src/CNA/Internal/Backends/Vulkan/shaders/lit_textured3d.frag.glsl	src/Graphics/Backends/Vulkan/shaders/lit_textured3d.frag.glsl
R100	src/CNA/Internal/Backends/Vulkan/shaders/lit_textured3d.vert.glsl	src/Graphics/Backends/Vulkan/shaders/lit_textured3d.vert.glsl
R100	src/CNA/Internal/Backends/Vulkan/shaders/lit_textured3d_vertexlit.frag.glsl	src/Graphics/Backends/Vulkan/shaders/lit_textured3d_vertexlit.frag.glsl
R100	src/CNA/Internal/Backends/Vulkan/shaders/lit_textured3d_vertexlit.vert.glsl	src/Graphics/Backends/Vulkan/shaders/lit_textured3d_vertexlit.vert.glsl
R100	src/CNA/Internal/Backends/Vulkan/shaders/pbr3d.frag.glsl	src/Graphics/Backends/Vulkan/shaders/pbr3d.frag.glsl
R100	src/CNA/Internal/Backends/Vulkan/shaders/pbr3d.vert.glsl	src/Graphics/Backends/Vulkan/shaders/pbr3d.vert.glsl
R100	src/CNA/Internal/Backends/Vulkan/shaders/pbr3d_skinned.frag.glsl	src/Graphics/Backends/Vulkan/shaders/pbr3d_skinned.frag.glsl
R100	src/CNA/Internal/Backends/Vulkan/shaders/pbr3d_skinned.vert.glsl	src/Graphics/Backends/Vulkan/shaders/pbr3d_skinned.vert.glsl
R100	src/CNA/Internal/Backends/Vulkan/shaders/skinned3d.frag.glsl	src/Graphics/Backends/Vulkan/shaders/skinned3d.frag.glsl
R100	src/CNA/Internal/Backends/Vulkan/shaders/skinned3d.vert.glsl	src/Graphics/Backends/Vulkan/shaders/skinned3d.vert.glsl
R100	src/CNA/Internal/Backends/Vulkan/shaders/skinned3d_color.frag.glsl	src/Graphics/Backends/Vulkan/shaders/skinned3d_color.frag.glsl
R100	src/CNA/Internal/Backends/Vulkan/shaders/skinned3d_color.vert.glsl	src/Graphics/Backends/Vulkan/shaders/skinned3d_color.vert.glsl
R100	src/CNA/Internal/Backends/Vulkan/shaders/skinned3d_vertexlit.frag.glsl	src/Graphics/Backends/Vulkan/shaders/skinned3d_vertexlit.frag.glsl
R100	src/CNA/Internal/Backends/Vulkan/shaders/skinned3d_vertexlit.vert.glsl	src/Graphics/Backends/Vulkan/shaders/skinned3d_vertexlit.vert.glsl
R100	src/CNA/Internal/Backends/Vulkan/shaders/skinned3d_vertexlit_color.frag.glsl	src/Graphics/Backends/Vulkan/shaders/skinned3d_vertexlit_color.frag.glsl
R100	src/CNA/Internal/Backends/Vulkan/shaders/skinned3d_vertexlit_color.vert.glsl	src/Graphics/Backends/Vulkan/shaders/skinned3d_vertexlit_color.vert.glsl
R100	src/CNA/Internal/Backends/Vulkan/shaders/spirv_shaders.hpp	src/Graphics/Backends/Vulkan/shaders/spirv_shaders.hpp
R100	src/CNA/Internal/Backends/Vulkan/shaders/sprite2d.frag.glsl	src/Graphics/Backends/Vulkan/shaders/sprite2d.frag.glsl
R100	src/CNA/Internal/Backends/Vulkan/shaders/sprite2d.vert.glsl	src/Graphics/Backends/Vulkan/shaders/sprite2d.vert.glsl
R100	src/CNA/Internal/Backends/Vulkan/shaders/textured3d.frag.glsl	src/Graphics/Backends/Vulkan/shaders/textured3d.frag.glsl
R100	src/CNA/Internal/Backends/Vulkan/shaders/textured3d.vert.glsl	src/Graphics/Backends/Vulkan/shaders/textured3d.vert.glsl
R100	src/CNA/Internal/Backends/WebGPU/WebGPUGraphicsBackend.cpp	src/Graphics/Backends/WebGPU/WebGPUGraphicsBackend.cpp
R100	src/CNA/Internal/Backends/Wicked/WickedGraphicsBackend.cpp	src/Graphics/Backends/Wicked/WickedGraphicsBackend.cpp
R100	src/CNA/Internal/Backends/Wicked/WickedShaderSources.hpp	src/Graphics/Backends/Wicked/WickedShaderSources.hpp
R100	src/CNA/Internal/Graphics/Bc7Util.cpp	src/Graphics/Internal/Bc7Util.cpp
R100	src/CNA/Internal/Graphics/DxtUtil.cpp	src/Graphics/Internal/DxtUtil.cpp
R100	src/CNA/Internal/Graphics/ImageLoader.cpp	src/Graphics/Internal/ImageLoader.cpp
R100	src/Microsoft/Xna/Framework/Graphics/AlphaTestEffect.cpp	src/Graphics/Xna/AlphaTestEffect.cpp
R100	src/Microsoft/Xna/Framework/Graphics/AnimationPlayer.cpp	src/Graphics/Xna/AnimationPlayer.cpp
R100	src/Microsoft/Xna/Framework/Graphics/BasicEffect.cpp	src/Graphics/Xna/BasicEffect.cpp
R100	src/Microsoft/Xna/Framework/Graphics/BlendState.cpp	src/Graphics/Xna/BlendState.cpp
R100	src/Microsoft/Xna/Framework/Graphics/ColorMatrixEffect.cpp	src/Graphics/Xna/ColorMatrixEffect.cpp
R100	src/Microsoft/Xna/Framework/Graphics/DepthStencilState.cpp	src/Graphics/Xna/DepthStencilState.cpp
R100	src/Microsoft/Xna/Framework/Graphics/DirectionalLight.cpp	src/Graphics/Xna/DirectionalLight.cpp
R100	src/Microsoft/Xna/Framework/Graphics/DisplayMode.cpp	src/Graphics/Xna/DisplayMode.cpp
R100	src/Microsoft/Xna/Framework/Graphics/DisplayModeCollection.cpp	src/Graphics/Xna/DisplayModeCollection.cpp
R100	src/Microsoft/Xna/Framework/Graphics/DualTextureEffect.cpp	src/Graphics/Xna/DualTextureEffect.cpp
R100	src/Microsoft/Xna/Framework/Graphics/Effect.cpp	src/Graphics/Xna/Effect.cpp
R100	src/Microsoft/Xna/Framework/Graphics/EffectAnnotation.cpp	src/Graphics/Xna/EffectAnnotation.cpp
R100	src/Microsoft/Xna/Framework/Graphics/EffectAnnotationCollection.cpp	src/Graphics/Xna/EffectAnnotationCollection.cpp
R100	src/Microsoft/Xna/Framework/Graphics/EffectMaterial.cpp	src/Graphics/Xna/EffectMaterial.cpp
R100	src/Microsoft/Xna/Framework/Graphics/EffectParameter.cpp	src/Graphics/Xna/EffectParameter.cpp
R100	src/Microsoft/Xna/Framework/Graphics/EffectParameterCollection.cpp	src/Graphics/Xna/EffectParameterCollection.cpp
R100	src/Microsoft/Xna/Framework/Graphics/EffectPass.cpp	src/Graphics/Xna/EffectPass.cpp
R100	src/Microsoft/Xna/Framework/Graphics/EffectPassCollection.cpp	src/Graphics/Xna/EffectPassCollection.cpp
R100	src/Microsoft/Xna/Framework/Graphics/EffectTechnique.cpp	src/Graphics/Xna/EffectTechnique.cpp
R100	src/Microsoft/Xna/Framework/Graphics/EffectTechniqueCollection.cpp	src/Graphics/Xna/EffectTechniqueCollection.cpp
R100	src/Microsoft/Xna/Framework/Graphics/EnvironmentMapEffect.cpp	src/Graphics/Xna/EnvironmentMapEffect.cpp
R100	src/Microsoft/Xna/Framework/Graphics/GraphicsAdapter.cpp	src/Graphics/Xna/GraphicsAdapter.cpp
R100	src/Microsoft/Xna/Framework/Graphics/GraphicsDevice.cpp	src/Graphics/Xna/GraphicsDevice.cpp
R100	src/Microsoft/Xna/Framework/Graphics/GraphicsResource.cpp	src/Graphics/Xna/GraphicsResource.cpp
R100	src/Microsoft/Xna/Framework/Graphics/IndexBuffer.cpp	src/Graphics/Xna/IndexBuffer.cpp
R100	src/Microsoft/Xna/Framework/Graphics/Model.cpp	src/Graphics/Xna/Model.cpp
R100	src/Microsoft/Xna/Framework/Graphics/ModelBone.cpp	src/Graphics/Xna/ModelBone.cpp
R100	src/Microsoft/Xna/Framework/Graphics/ModelBoneCollection.cpp	src/Graphics/Xna/ModelBoneCollection.cpp
R100	src/Microsoft/Xna/Framework/Graphics/ModelEffectCollection.cpp	src/Graphics/Xna/ModelEffectCollection.cpp
R100	src/Microsoft/Xna/Framework/Graphics/ModelMesh.cpp	src/Graphics/Xna/ModelMesh.cpp
R100	src/Microsoft/Xna/Framework/Graphics/ModelMeshCollection.cpp	src/Graphics/Xna/ModelMeshCollection.cpp
R100	src/Microsoft/Xna/Framework/Graphics/ModelMeshPart.cpp	src/Graphics/Xna/ModelMeshPart.cpp
R100	src/Microsoft/Xna/Framework/Graphics/ModelMeshPartCollection.cpp	src/Graphics/Xna/ModelMeshPartCollection.cpp
R100	src/Microsoft/Xna/Framework/Graphics/MorphTargetEXT.cpp	src/Graphics/Xna/MorphTargetEXT.cpp
R100	src/Microsoft/Xna/Framework/Graphics/OcclusionQuery.cpp	src/Graphics/Xna/OcclusionQuery.cpp
R100	src/Microsoft/Xna/Framework/Graphics/PbrEffect.cpp	src/Graphics/Xna/PbrEffect.cpp
R100	src/Microsoft/Xna/Framework/Graphics/PresentationParameters.cpp	src/Graphics/Xna/PresentationParameters.cpp
R100	src/Microsoft/Xna/Framework/Graphics/RasterizerState.cpp	src/Graphics/Xna/RasterizerState.cpp
R100	src/Microsoft/Xna/Framework/Graphics/RenderTarget2D.cpp	src/Graphics/Xna/RenderTarget2D.cpp
R100	src/Microsoft/Xna/Framework/Graphics/RenderTargetBinding.cpp	src/Graphics/Xna/RenderTargetBinding.cpp
R100	src/Microsoft/Xna/Framework/Graphics/RenderTargetCube.cpp	src/Graphics/Xna/RenderTargetCube.cpp
R100	src/Microsoft/Xna/Framework/Graphics/SamplerState.cpp	src/Graphics/Xna/SamplerState.cpp
R100	src/Microsoft/Xna/Framework/Graphics/SamplerStateCollection.cpp	src/Graphics/Xna/SamplerStateCollection.cpp
R100	src/Microsoft/Xna/Framework/Graphics/ShaderEffect.cpp	src/Graphics/Xna/ShaderEffect.cpp
R100	src/Microsoft/Xna/Framework/Graphics/SkinnedEffect.cpp	src/Graphics/Xna/SkinnedEffect.cpp
R100	src/Microsoft/Xna/Framework/Graphics/SkinnedModelEXT.cpp	src/Graphics/Xna/SkinnedModelEXT.cpp
R100	src/Microsoft/Xna/Framework/Graphics/SkinnedPbrEffect.cpp	src/Graphics/Xna/SkinnedPbrEffect.cpp
R100	src/Microsoft/Xna/Framework/Graphics/SpriteBatch.cpp	src/Graphics/Xna/SpriteBatch.cpp
R100	src/Microsoft/Xna/Framework/Graphics/SpriteEffect.cpp	src/Graphics/Xna/SpriteEffect.cpp
R100	src/Microsoft/Xna/Framework/Graphics/SpriteFont.cpp	src/Graphics/Xna/SpriteFont.cpp
R100	src/Microsoft/Xna/Framework/Graphics/Texture.cpp	src/Graphics/Xna/Texture.cpp
R100	src/Microsoft/Xna/Framework/Graphics/Texture2D.cpp	src/Graphics/Xna/Texture2D.cpp
R100	src/Microsoft/Xna/Framework/Graphics/Texture3D.cpp	src/Graphics/Xna/Texture3D.cpp
R100	src/Microsoft/Xna/Framework/Graphics/TextureCollection.cpp	src/Graphics/Xna/TextureCollection.cpp
R100	src/Microsoft/Xna/Framework/Graphics/TextureCube.cpp	src/Graphics/Xna/TextureCube.cpp
R100	src/Microsoft/Xna/Framework/Graphics/VertexBuffer.cpp	src/Graphics/Xna/VertexBuffer.cpp
R100	src/Microsoft/Xna/Framework/Graphics/VertexBufferBinding.cpp	src/Graphics/Xna/VertexBufferBinding.cpp
R100	src/Microsoft/Xna/Framework/Graphics/VertexDeclaration.cpp	src/Graphics/Xna/VertexDeclaration.cpp
R100	src/Microsoft/Xna/Framework/Graphics/VertexElement.cpp	src/Graphics/Xna/VertexElement.cpp
R100	src/Microsoft/Xna/Framework/Graphics/VertexPositionColor.cpp	src/Graphics/Xna/VertexPositionColor.cpp
R100	src/Microsoft/Xna/Framework/Graphics/VertexPositionColorTexture.cpp	src/Graphics/Xna/VertexPositionColorTexture.cpp
R100	src/Microsoft/Xna/Framework/Graphics/VertexPositionNormalTangentTexture.cpp	src/Graphics/Xna/VertexPositionNormalTangentTexture.cpp
R100	src/Microsoft/Xna/Framework/Graphics/VertexPositionNormalTangentTextureSkinned.cpp	src/Graphics/Xna/VertexPositionNormalTangentTextureSkinned.cpp
R100	src/Microsoft/Xna/Framework/Graphics/VertexPositionNormalTexture.cpp	src/Graphics/Xna/VertexPositionNormalTexture.cpp
R100	src/Microsoft/Xna/Framework/Graphics/VertexPositionNormalTextureSkinned.cpp	src/Graphics/Xna/VertexPositionNormalTextureSkinned.cpp
R100	src/Microsoft/Xna/Framework/Graphics/VertexPositionTexture.cpp	src/Graphics/Xna/VertexPositionTexture.cpp
R100	src/Microsoft/Xna/Framework/Graphics/Viewport.cpp	src/Graphics/Xna/Viewport.cpp
R100	src/CNA/Internal/Input/GestureDetector.cpp	src/Input/Internal/GestureDetector.cpp
R100	src/CNA/Internal/Input/InputManager.cpp	src/Input/Internal/InputManager.cpp
R100	src/CNA/Internal/Input/SdlGamepadBackend.cpp	src/Input/Internal/SdlGamepadBackend.cpp
R100	src/CNA/Internal/Input/SdlHapticBackend.cpp	src/Input/Internal/SdlHapticBackend.cpp
R100	src/CNA/Internal/Input/SdlInputBridge.cpp	src/Input/Internal/SdlInputBridge.cpp
R100	src/CNA/Internal/Input/SdlJoystickBackend.cpp	src/Input/Internal/SdlJoystickBackend.cpp
R100	src/CNA/Internal/Input/SystemDeviceBackend.cpp	src/Input/Internal/SystemDeviceBackend.cpp
R100	src/CNA/Internal/Input/SystemKeyboardBackend.cpp	src/Input/Internal/SystemKeyboardBackend.cpp
R100	src/CNA/Internal/Input/SystemMouseBackend.cpp	src/Input/Internal/SystemMouseBackend.cpp
R100	src/CNA/Internal/Input/SystemPowerBackend.cpp	src/Input/Internal/SystemPowerBackend.cpp
R100	src/CNA/Internal/Input/SystemSensorBackend.cpp	src/Input/Internal/SystemSensorBackend.cpp
R100	src/CNA/Input/Clipboard.cpp	src/Input/NoXna/Clipboard.cpp
R100	src/CNA/Input/HapticDevice.cpp	src/Input/NoXna/HapticDevice.cpp
R100	src/CNA/Input/Haptics.cpp	src/Input/NoXna/Haptics.cpp
R100	src/CNA/Input/InputDevices.cpp	src/Input/NoXna/InputDevices.cpp
R100	src/CNA/Input/Joysticks.cpp	src/Input/NoXna/Joysticks.cpp
R100	src/CNA/Input/Power.cpp	src/Input/NoXna/Power.cpp
R100	src/CNA/Input/Sensors.cpp	src/Input/NoXna/Sensors.cpp
R100	src/Microsoft/Xna/Framework/Input/GamePad.cpp	src/Input/Xna/GamePad.cpp
R100	src/Microsoft/Xna/Framework/Input/GamePadButtons.cpp	src/Input/Xna/GamePadButtons.cpp
R100	src/Microsoft/Xna/Framework/Input/GamePadCapabilities.cpp	src/Input/Xna/GamePadCapabilities.cpp
R100	src/Microsoft/Xna/Framework/Input/GamePadDPad.cpp	src/Input/Xna/GamePadDPad.cpp
R100	src/Microsoft/Xna/Framework/Input/GamePadState.cpp	src/Input/Xna/GamePadState.cpp
R100	src/Microsoft/Xna/Framework/Input/GamePadThumbSticks.cpp	src/Input/Xna/GamePadThumbSticks.cpp
R100	src/Microsoft/Xna/Framework/Input/GamePadTriggers.cpp	src/Input/Xna/GamePadTriggers.cpp
R100	src/Microsoft/Xna/Framework/Input/Keyboard.cpp	src/Input/Xna/Keyboard.cpp
R100	src/Microsoft/Xna/Framework/Input/KeyboardState.cpp	src/Input/Xna/KeyboardState.cpp
R100	src/Microsoft/Xna/Framework/Input/Mouse.cpp	src/Input/Xna/Mouse.cpp
R100	src/Microsoft/Xna/Framework/Input/MouseCursor.cpp	src/Input/Xna/MouseCursor.cpp
R100	src/Microsoft/Xna/Framework/Input/MouseState.cpp	src/Input/Xna/MouseState.cpp
R100	src/Microsoft/Xna/Framework/Input/TextInputEXT.cpp	src/Input/Xna/TextInputEXT.cpp
R100	src/Microsoft/Xna/Framework/Input/Touch/GestureSample.cpp	src/Input/Xna/Touch/GestureSample.cpp
R100	src/Microsoft/Xna/Framework/Input/Touch/TouchCollection.cpp	src/Input/Xna/Touch/TouchCollection.cpp
R100	src/Microsoft/Xna/Framework/Input/Touch/TouchLocation.cpp	src/Input/Xna/Touch/TouchLocation.cpp
R100	src/Microsoft/Xna/Framework/Input/Touch/TouchPanel.cpp	src/Input/Xna/Touch/TouchPanel.cpp
R100	src/Microsoft/Xna/Framework/Input/Touch/TouchPanelCapabilities.cpp	src/Input/Xna/Touch/TouchPanelCapabilities.cpp
R100	src/Microsoft/Xna/Framework/BoundingBox.cpp	src/Math/BoundingBox.cpp
R100	src/Microsoft/Xna/Framework/BoundingFrustum.cpp	src/Math/BoundingFrustum.cpp
R100	src/Microsoft/Xna/Framework/BoundingSphere.cpp	src/Math/BoundingSphere.cpp
R100	src/Microsoft/Xna/Framework/Color.cpp	src/Math/Color.cpp
R100	src/Microsoft/Xna/Framework/Curve.cpp	src/Math/Curve.cpp
R100	src/Microsoft/Xna/Framework/CurveKey.cpp	src/Math/CurveKey.cpp
R100	src/Microsoft/Xna/Framework/CurveKeyCollection.cpp	src/Math/CurveKeyCollection.cpp
R100	src/Microsoft/Xna/Framework/MathHelper.cpp	src/Math/MathHelper.cpp
R100	src/Microsoft/Xna/Framework/Matrix.cpp	src/Math/Matrix.cpp
R100	src/Microsoft/Xna/Framework/Plane.cpp	src/Math/Plane.cpp
R100	src/Microsoft/Xna/Framework/Point.cpp	src/Math/Point.cpp
R100	src/Microsoft/Xna/Framework/Quaternion.cpp	src/Math/Quaternion.cpp
R100	src/Microsoft/Xna/Framework/Ray.cpp	src/Math/Ray.cpp
R100	src/Microsoft/Xna/Framework/Rectangle.cpp	src/Math/Rectangle.cpp
R100	src/Microsoft/Xna/Framework/Vector2.cpp	src/Math/Vector2.cpp
R100	src/Microsoft/Xna/Framework/Vector3.cpp	src/Math/Vector3.cpp
R100	src/Microsoft/Xna/Framework/Vector4.cpp	src/Math/Vector4.cpp
R100	src/CNA/Internal/Media/AudioDurationProbe.cpp	src/Media/Internal/AudioDurationProbe.cpp
R100	src/CNA/Internal/Media/AudioTagParser.cpp	src/Media/Internal/AudioTagParser.cpp
R100	src/CNA/Internal/Media/MediaLibraryIndex.cpp	src/Media/Internal/MediaLibraryIndex.cpp
R100	src/CNA/Internal/Media/MediaLibraryPaths.cpp	src/Media/Internal/MediaLibraryPaths.cpp
R100	src/CNA/Internal/Media/PictureLibraryIndex.cpp	src/Media/Internal/PictureLibraryIndex.cpp
R100	src/CNA/Internal/Media/PlaylistParser.cpp	src/Media/Internal/PlaylistParser.cpp
R100	src/CNA/Internal/Media/SavedPictureStore.cpp	src/Media/Internal/SavedPictureStore.cpp
R100	src/CNA/Internal/Media/ThumbnailGenerator.cpp	src/Media/Internal/ThumbnailGenerator.cpp
R100	src/CNA/Internal/Media/VideoDecoder.cpp	src/Media/Internal/VideoDecoder.cpp
R100	src/CNA/Internal/Media/VisualizationCapture.cpp	src/Media/Internal/VisualizationCapture.cpp
R100	src/CNA/Internal/Media/VisualizationFFT.cpp	src/Media/Internal/VisualizationFFT.cpp
R100	src/Microsoft/Xna/Framework/Media/Album.cpp	src/Media/Xna/Album.cpp
R100	src/Microsoft/Xna/Framework/Media/AlbumCollection.cpp	src/Media/Xna/AlbumCollection.cpp
R100	src/Microsoft/Xna/Framework/Media/Artist.cpp	src/Media/Xna/Artist.cpp
R100	src/Microsoft/Xna/Framework/Media/ArtistCollection.cpp	src/Media/Xna/ArtistCollection.cpp
R100	src/Microsoft/Xna/Framework/Media/Genre.cpp	src/Media/Xna/Genre.cpp
R100	src/Microsoft/Xna/Framework/Media/GenreCollection.cpp	src/Media/Xna/GenreCollection.cpp
R100	src/Microsoft/Xna/Framework/Media/MediaLibrary.cpp	src/Media/Xna/MediaLibrary.cpp
R100	src/Microsoft/Xna/Framework/Media/MediaPlayer.cpp	src/Media/Xna/MediaPlayer.cpp
R100	src/Microsoft/Xna/Framework/Media/MediaQueue.cpp	src/Media/Xna/MediaQueue.cpp
R100	src/Microsoft/Xna/Framework/Media/MediaSource.cpp	src/Media/Xna/MediaSource.cpp
R100	src/Microsoft/Xna/Framework/Media/Picture.cpp	src/Media/Xna/Picture.cpp
R100	src/Microsoft/Xna/Framework/Media/PictureAlbum.cpp	src/Media/Xna/PictureAlbum.cpp
R100	src/Microsoft/Xna/Framework/Media/PictureAlbumCollection.cpp	src/Media/Xna/PictureAlbumCollection.cpp
R100	src/Microsoft/Xna/Framework/Media/PictureCollection.cpp	src/Media/Xna/PictureCollection.cpp
R100	src/Microsoft/Xna/Framework/Media/Playlist.cpp	src/Media/Xna/Playlist.cpp
R100	src/Microsoft/Xna/Framework/Media/PlaylistCollection.cpp	src/Media/Xna/PlaylistCollection.cpp
R100	src/Microsoft/Xna/Framework/Media/Song.cpp	src/Media/Xna/Song.cpp
R100	src/Microsoft/Xna/Framework/Media/SongCollection.cpp	src/Media/Xna/SongCollection.cpp
R100	src/Microsoft/Xna/Framework/Media/Video/Video.cpp	src/Media/Xna/Video/Video.cpp
R100	src/Microsoft/Xna/Framework/Media/Video/VideoPlayer.cpp	src/Media/Xna/Video/VideoPlayer.cpp
R100	src/Microsoft/Xna/Framework/Media/VisualizationData.cpp	src/Media/Xna/VisualizationData.cpp
R100	src/CNA/Internal/Net/ENetBackend.cpp	src/Net/Internal/ENetBackend.cpp
R100	src/CNA/Internal/Net/ENetDiscoveryService.cpp	src/Net/Internal/ENetDiscoveryService.cpp
R100	src/CNA/Internal/Net/ENetHostHandle.cpp	src/Net/Internal/ENetHostHandle.cpp
R100	src/CNA/Internal/Net/ENetLibrary.cpp	src/Net/Internal/ENetLibrary.cpp
R100	src/CNA/Internal/Net/NetDiscoveryProtocol.cpp	src/Net/Internal/NetDiscoveryProtocol.cpp
R100	src/CNA/Internal/Net/NetPacketCodec.cpp	src/Net/Internal/NetPacketCodec.cpp
R100	src/Microsoft/Xna/Framework/Net/AvailableNetworkSession.cpp	src/Net/Xna/AvailableNetworkSession.cpp
R100	src/Microsoft/Xna/Framework/Net/AvailableNetworkSessionCollection.cpp	src/Net/Xna/AvailableNetworkSessionCollection.cpp
R100	src/Microsoft/Xna/Framework/Net/GameEndedEventArgs.cpp	src/Net/Xna/GameEndedEventArgs.cpp
R100	src/Microsoft/Xna/Framework/Net/GameStartedEventArgs.cpp	src/Net/Xna/GameStartedEventArgs.cpp
R100	src/Microsoft/Xna/Framework/Net/GamerJoinedEventArgs.cpp	src/Net/Xna/GamerJoinedEventArgs.cpp
R100	src/Microsoft/Xna/Framework/Net/GamerLeftEventArgs.cpp	src/Net/Xna/GamerLeftEventArgs.cpp
R100	src/Microsoft/Xna/Framework/Net/HostChangedEventArgs.cpp	src/Net/Xna/HostChangedEventArgs.cpp
R100	src/Microsoft/Xna/Framework/Net/LocalNetworkGamer.cpp	src/Net/Xna/LocalNetworkGamer.cpp
R100	src/Microsoft/Xna/Framework/Net/Net.cpp	src/Net/Xna/Net.cpp
R100	src/Microsoft/Xna/Framework/Net/NetworkGamer.cpp	src/Net/Xna/NetworkGamer.cpp
R100	src/Microsoft/Xna/Framework/Net/NetworkMachine.cpp	src/Net/Xna/NetworkMachine.cpp
R100	src/Microsoft/Xna/Framework/Net/NetworkSession.cpp	src/Net/Xna/NetworkSession.cpp
R100	src/Microsoft/Xna/Framework/Net/NetworkSessionEndedEventArgs.cpp	src/Net/Xna/NetworkSessionEndedEventArgs.cpp
R100	src/Microsoft/Xna/Framework/Net/NetworkSessionJoinException.cpp	src/Net/Xna/NetworkSessionJoinException.cpp
R100	src/Microsoft/Xna/Framework/Net/NetworkSessionProperties.cpp	src/Net/Xna/NetworkSessionProperties.cpp
R100	src/Microsoft/Xna/Framework/Net/PacketReader.cpp	src/Net/Xna/PacketReader.cpp
R100	src/Microsoft/Xna/Framework/Net/PacketWriter.cpp	src/Net/Xna/PacketWriter.cpp
R100	src/Microsoft/Xna/Framework/Net/QualityOfService.cpp	src/Net/Xna/QualityOfService.cpp
R100	src/Microsoft/Xna/Framework/Net/WriteLeaderboardsEventArgs.cpp	src/Net/Xna/WriteLeaderboardsEventArgs.cpp
R100	src/CNA/Graphics/CRTEffect.cpp	src/NoXna/Graphics/CRTEffect.cpp
R100	src/CNA/Graphics/DepthEffect.cpp	src/NoXna/Graphics/DepthEffect.cpp
R100	src/CNA/Graphics/PbrMaterial.cpp	src/NoXna/Graphics/PbrMaterial.cpp
R100	src/CNA/Graphics/RenderPipelineSettings.cpp	src/NoXna/Graphics/RenderPipelineSettings.cpp
R100	src/Microsoft/Xna/Framework/DrawableGameComponent.cpp	src/Runtime/DrawableGameComponent.cpp
R100	src/Microsoft/Xna/Framework/ExitingEventArgs.cpp	src/Runtime/ExitingEventArgs.cpp
R100	src/Microsoft/Xna/Framework/Game.cpp	src/Runtime/Game.cpp
R100	src/Microsoft/Xna/Framework/GameComponent.cpp	src/Runtime/GameComponent.cpp
R100	src/Microsoft/Xna/Framework/GameComponentCollection.cpp	src/Runtime/GameComponentCollection.cpp
R100	src/Microsoft/Xna/Framework/GameComponentCollectionEventArgs.cpp	src/Runtime/GameComponentCollectionEventArgs.cpp
R100	src/Microsoft/Xna/Framework/GameServiceContainer.cpp	src/Runtime/GameServiceContainer.cpp
R100	src/Microsoft/Xna/Framework/GameTime.cpp	src/Runtime/GameTime.cpp
R100	src/Microsoft/Xna/Framework/GameWindow.cpp	src/Runtime/GameWindow.cpp
R100	src/Microsoft/Xna/Framework/GraphicsDeviceInformation.cpp	src/Runtime/GraphicsDeviceInformation.cpp
R100	src/Microsoft/Xna/Framework/GraphicsDeviceManager.cpp	src/Runtime/GraphicsDeviceManager.cpp
R100	src/Microsoft/Xna/Framework/LaunchParameters.cpp	src/Runtime/LaunchParameters.cpp
R100	src/Microsoft/Xna/Framework/PreparingDeviceSettingsEventArgs.cpp	src/Runtime/PreparingDeviceSettingsEventArgs.cpp
R100	src/Microsoft/Xna/Framework/TitleContainer.cpp	src/Runtime/TitleContainer.cpp
R100	src/Microsoft/Xna/Framework/TitleLocation.cpp	src/Runtime/TitleLocation.cpp
R100	src/Microsoft/Xna/Framework/Storage/StorageContainer.cpp	src/Storage/StorageContainer.cpp
R100	src/Microsoft/Xna/Framework/Storage/StorageDevice.cpp	src/Storage/StorageDevice.cpp
R100	src/Microsoft/Xna/Framework/Storage/StorageDeviceNotConnectedException.cpp	src/Storage/StorageDeviceNotConnectedException.cpp
