cmake_file	target	example_sources
modules/renderers/bgfx/examples/CMakeLists.txt	cna_test_bgfx_surface_format_throws	${CMAKE_SOURCE_DIR}/modules/renderers/easygl/examples/easygl_surface_format_throws_test.cpp
modules/renderers/bgfx/examples/CMakeLists.txt	cna_test_bgfx_texture2d_partial_rect	${CMAKE_SOURCE_DIR}/modules/renderers/easygl/examples/easygl_texture2d_partial_rect_test.cpp
modules/renderers/bgfx/examples/CMakeLists.txt	cna_test_bgfx_texture3d_mip	${CMAKE_SOURCE_DIR}/modules/renderers/easygl/examples/easygl_texture3d_mip_test.cpp
modules/renderers/bgfx/examples/CMakeLists.txt	cna_test_bgfx_texture3d_partial_box_readback	${CMAKE_SOURCE_DIR}/modules/renderers/easygl/examples/easygl_texture3d_partial_box_readback_test.cpp
modules/renderers/bgfx/examples/CMakeLists.txt	cna_test_bgfx_texture3d_slices	${CMAKE_SOURCE_DIR}/modules/renderers/easygl/examples/easygl_texture3d_slices_test.cpp
modules/renderers/bgfx/examples/CMakeLists.txt	cna_test_bgfx_texturecube_mip	${CMAKE_SOURCE_DIR}/modules/renderers/easygl/examples/easygl_texturecube_mip_test.cpp
modules/renderers/bgfx/examples/CMakeLists.txt	cna_test_bgfx_texturecube_partial_rect	${CMAKE_SOURCE_DIR}/modules/renderers/easygl/examples/easygl_texturecube_partial_rect_test.cpp
modules/renderers/directx10/examples/CMakeLists.txt	cna_test_directx10_blendstate_alphablend	${CMAKE_SOURCE_DIR}/modules/renderers/easygl/examples/easygl_blendstate_alphablend_test.cpp
modules/renderers/directx10/examples/CMakeLists.txt	cna_test_directx10_blendstate_opaque	${CMAKE_SOURCE_DIR}/modules/renderers/easygl/examples/easygl_blendstate_opaque_test.cpp
modules/renderers/directx10/examples/CMakeLists.txt	cna_test_directx10_depthstencilstate_stencil_enable	${CMAKE_SOURCE_DIR}/modules/renderers/easygl/examples/easygl_depthstencilstate_stencil_enable_test.cpp
modules/renderers/directx10/examples/CMakeLists.txt	cna_test_directx10_rasterizerstate_cullmode	${CMAKE_SOURCE_DIR}/modules/renderers/easygl/examples/easygl_rasterizerstate_cullmode_test.cpp
modules/renderers/directx11/examples/CMakeLists.txt	cna_test_directx11_alphatest_fog	${CMAKE_SOURCE_DIR}/modules/renderers/vulkan/examples/vulkan_alphatest_fog_test.cpp
modules/renderers/directx11/examples/CMakeLists.txt	cna_test_directx11_blendstate_alphablend	${CMAKE_SOURCE_DIR}/modules/renderers/easygl/examples/easygl_blendstate_alphablend_test.cpp
modules/renderers/directx11/examples/CMakeLists.txt	cna_test_directx11_blendstate_opaque	${CMAKE_SOURCE_DIR}/modules/renderers/easygl/examples/easygl_blendstate_opaque_test.cpp
modules/renderers/directx11/examples/CMakeLists.txt	cna_test_directx11_depthstencilstate_stencil_enable	${CMAKE_SOURCE_DIR}/modules/renderers/easygl/examples/easygl_depthstencilstate_stencil_enable_test.cpp
modules/renderers/directx11/examples/CMakeLists.txt	cna_test_directx11_dualtexture_fog	${CMAKE_SOURCE_DIR}/modules/renderers/vulkan/examples/vulkan_dualtextureeffect_fog_test.cpp
modules/renderers/directx11/examples/CMakeLists.txt	cna_test_directx11_environmentmap_fog	${CMAKE_SOURCE_DIR}/modules/renderers/vulkan/examples/vulkan_environmentmapeffect_fog_test.cpp
modules/renderers/directx11/examples/CMakeLists.txt	cna_test_directx11_environmentmapeffect_amount_zero	${CMAKE_SOURCE_DIR}/modules/renderers/vulkan/examples/vulkan_environmentmapeffect_amount_zero_test.cpp
modules/renderers/directx11/examples/CMakeLists.txt	cna_test_directx11_rasterizerstate_cullmode	${CMAKE_SOURCE_DIR}/modules/renderers/easygl/examples/easygl_rasterizerstate_cullmode_test.cpp
modules/renderers/directx11/examples/CMakeLists.txt	cna_test_directx11_skinnedeffect_fog	${CMAKE_SOURCE_DIR}/modules/renderers/vulkan/examples/vulkan_skinnedeffect_fog_test.cpp
modules/renderers/directx11/examples/CMakeLists.txt	cna_test_directx11_skinnedeffect_world_normal	${CMAKE_SOURCE_DIR}/modules/renderers/vulkan/examples/vulkan_skinnedeffect_world_normal_test.cpp
modules/renderers/directx11/examples/CMakeLists.txt	cna_test_directx11_viewspace_fog	${CMAKE_SOURCE_DIR}/modules/renderers/vulkan/examples/vulkan_viewspace_fog_test.cpp
modules/renderers/directx9/examples/CMakeLists.txt	cna_test_directx9_alphatest_fog	${CMAKE_SOURCE_DIR}/modules/renderers/vulkan/examples/vulkan_alphatest_fog_test.cpp
modules/renderers/directx9/examples/CMakeLists.txt	cna_test_directx9_blendstate_alphablend	${CMAKE_SOURCE_DIR}/modules/renderers/easygl/examples/easygl_blendstate_alphablend_test.cpp
modules/renderers/directx9/examples/CMakeLists.txt	cna_test_directx9_blendstate_opaque	${CMAKE_SOURCE_DIR}/modules/renderers/easygl/examples/easygl_blendstate_opaque_test.cpp
modules/renderers/directx9/examples/CMakeLists.txt	cna_test_directx9_depthstencilstate_stencil_enable	${CMAKE_SOURCE_DIR}/modules/renderers/easygl/examples/easygl_depthstencilstate_stencil_enable_test.cpp
modules/renderers/directx9/examples/CMakeLists.txt	cna_test_directx9_dualtexture_fog	${CMAKE_SOURCE_DIR}/modules/renderers/vulkan/examples/vulkan_dualtextureeffect_fog_test.cpp
modules/renderers/directx9/examples/CMakeLists.txt	cna_test_directx9_environmentmap_fog	${CMAKE_SOURCE_DIR}/modules/renderers/vulkan/examples/vulkan_environmentmapeffect_fog_test.cpp
modules/renderers/directx9/examples/CMakeLists.txt	cna_test_directx9_rasterizerstate_cullmode	${CMAKE_SOURCE_DIR}/modules/renderers/easygl/examples/easygl_rasterizerstate_cullmode_test.cpp
modules/renderers/directx9/examples/CMakeLists.txt	cna_test_directx9_skinnedeffect_fog	${CMAKE_SOURCE_DIR}/modules/renderers/vulkan/examples/vulkan_skinnedeffect_fog_test.cpp
modules/renderers/directx9/examples/CMakeLists.txt	cna_test_directx9_viewspace_fog	${CMAKE_SOURCE_DIR}/modules/renderers/vulkan/examples/vulkan_viewspace_fog_test.cpp
modules/renderers/easygl/examples/CMakeLists.txt	cna_test_avatar_attach_part	${CMAKE_SOURCE_DIR}/modules/gamer-services/examples/avatar_attach_part_integration_test.cpp
modules/renderers/easygl/examples/CMakeLists.txt	cna_test_avatar_real_render	${CMAKE_SOURCE_DIR}/modules/gamer-services/examples/avatar_real_render_integration_test.cpp
modules/renderers/easygl/examples/CMakeLists.txt	cna_test_avatar_tint_routing	${CMAKE_SOURCE_DIR}/modules/gamer-services/examples/avatar_tint_routing_integration_test.cpp
modules/renderers/easygl/examples/CMakeLists.txt	cna_test_easygl_fill_mode	${CMAKE_SOURCE_DIR}/modules/renderers/vulkan/examples/vulkan_fill_mode_test.cpp
modules/renderers/llgl/examples/CMakeLists.txt	cna_test_llgl_rasterizerstate_depthbias	${CMAKE_SOURCE_DIR}/modules/renderers/software/examples/software_depthbias_test.cpp
modules/renderers/opengl1/examples/CMakeLists.txt	cna_test_opengl1_alphatesteffect_golden	${CMAKE_SOURCE_DIR}/modules/renderers/easygl/examples/easygl_alphatesteffect_golden_test.cpp
modules/renderers/opengl1/examples/CMakeLists.txt	cna_test_opengl1_basiceffect_combined	${CMAKE_SOURCE_DIR}/modules/renderers/easygl/examples/easygl_basiceffect_combined_test.cpp
modules/renderers/opengl1/examples/CMakeLists.txt	cna_test_opengl1_basiceffect_golden	${CMAKE_SOURCE_DIR}/modules/renderers/easygl/examples/easygl_basiceffect_golden_test.cpp
modules/renderers/opengl1/examples/CMakeLists.txt	cna_test_opengl1_basiceffect_texture_enabled	${CMAKE_SOURCE_DIR}/modules/renderers/easygl/examples/easygl_basiceffect_texture_enabled_test.cpp
modules/renderers/opengl1/examples/CMakeLists.txt	cna_test_opengl1_blendstate_additive_golden	${CMAKE_SOURCE_DIR}/modules/renderers/easygl/examples/easygl_blendstate_additive_golden_test.cpp
modules/renderers/opengl1/examples/CMakeLists.txt	cna_test_opengl1_depthstencilstate_stencil_ops	${CMAKE_SOURCE_DIR}/modules/renderers/easygl/examples/easygl_depthstencilstate_stencil_ops_test.cpp
modules/renderers/opengl1/examples/CMakeLists.txt	cna_test_opengl1_depthstencilstate_write_enable_golden	${CMAKE_SOURCE_DIR}/modules/renderers/easygl/examples/easygl_depthstencilstate_write_enable_golden_test.cpp
modules/renderers/opengl1/examples/CMakeLists.txt	cna_test_opengl1_dualtextureeffect_doubling	${CMAKE_SOURCE_DIR}/modules/renderers/easygl/examples/easygl_dualtextureeffect_doubling_test.cpp
modules/renderers/opengl1/examples/CMakeLists.txt	cna_test_opengl1_dualtextureeffect_golden	${CMAKE_SOURCE_DIR}/modules/renderers/easygl/examples/easygl_dualtextureeffect_golden_test.cpp
modules/renderers/opengl1/examples/CMakeLists.txt	cna_test_opengl1_goldenimage_smoke	${CMAKE_SOURCE_DIR}/modules/renderers/easygl/examples/easygl_goldenimage_smoke_test.cpp
modules/renderers/opengl1/examples/CMakeLists.txt	cna_test_opengl1_pixeltestgame_smoke	${CMAKE_SOURCE_DIR}/modules/renderers/easygl/examples/easygl_pixeltestgame_smoke_test.cpp
modules/renderers/opengl1/examples/CMakeLists.txt	cna_test_opengl1_rasterizerstate_cullmode	${CMAKE_SOURCE_DIR}/modules/renderers/easygl/examples/easygl_rasterizerstate_cullmode_test.cpp
modules/renderers/opengl1/examples/CMakeLists.txt	cna_test_opengl1_rasterizerstate_cullmode_golden	${CMAKE_SOURCE_DIR}/modules/renderers/easygl/examples/easygl_rasterizerstate_cullmode_golden_test.cpp
modules/renderers/opengl1/examples/CMakeLists.txt	cna_test_opengl1_rendertarget2d_sample	${CMAKE_SOURCE_DIR}/modules/renderers/sdl-renderer/examples/sdlrenderer_rendertarget2d_sample_test.cpp
modules/renderers/opengl1/examples/CMakeLists.txt	cna_test_opengl1_scissor	${CMAKE_SOURCE_DIR}/modules/renderers/easygl/examples/easygl_scissor_test.cpp
modules/renderers/opengl1/examples/CMakeLists.txt	cna_test_opengl1_spritebatch_rotation_golden	${CMAKE_SOURCE_DIR}/modules/renderers/easygl/examples/easygl_spritebatch_rotation_golden_test.cpp
modules/renderers/opengl1/examples/CMakeLists.txt	cna_test_opengl1_texture_filter_linear_golden	${CMAKE_SOURCE_DIR}/modules/renderers/easygl/examples/easygl_texture_filter_linear_golden_test.cpp
modules/renderers/opengl1/examples/CMakeLists.txt	cna_test_opengl1_textured_quad	${CMAKE_SOURCE_DIR}/modules/renderers/easygl/examples/easygl_textured_quad_test.cpp
modules/renderers/skia/examples/CMakeLists.txt	cna_test_skia_blend_additive	${CMAKE_SOURCE_DIR}/modules/renderers/sdl-renderer/examples/sdlrenderer_blendstate_additive_test.cpp
modules/renderers/skia/examples/CMakeLists.txt	cna_test_skia_blend_alphablend	${CMAKE_SOURCE_DIR}/modules/renderers/sdl-renderer/examples/sdlrenderer_blendstate_alphablend_test.cpp
modules/renderers/skia/examples/CMakeLists.txt	cna_test_skia_blend_nonpremultiplied	${CMAKE_SOURCE_DIR}/modules/renderers/sdl-renderer/examples/sdlrenderer_blendstate_nonpremultiplied_test.cpp
modules/renderers/skia/examples/CMakeLists.txt	cna_test_skia_blend_opaque	${CMAKE_SOURCE_DIR}/modules/renderers/sdl-renderer/examples/sdlrenderer_blendstate_opaque_test.cpp
modules/renderers/skia/examples/CMakeLists.txt	cna_test_skia_contract_device_validation	${CMAKE_SOURCE_DIR}/modules/renderers/easygl/examples/easygl_device_validation_test.cpp
modules/renderers/skia/examples/CMakeLists.txt	cna_test_skia_contract_surface_format	${CMAKE_SOURCE_DIR}/modules/renderers/easygl/examples/easygl_surface_format_throws_test.cpp
modules/renderers/skia/examples/CMakeLists.txt	cna_test_skia_contract_texture2d_partial_rect	${CMAKE_SOURCE_DIR}/modules/renderers/easygl/examples/easygl_texture2d_partial_rect_test.cpp
modules/renderers/skia/examples/CMakeLists.txt	cna_test_skia_disposed_guards	${CMAKE_SOURCE_DIR}/modules/renderers/sdl-renderer/examples/sdlrenderer_disposed_guards_test.cpp
modules/renderers/skia/examples/CMakeLists.txt	cna_test_skia_double_dispose	${CMAKE_SOURCE_DIR}/modules/renderers/sdl-renderer/examples/sdlrenderer_double_dispose_test.cpp
modules/renderers/skia/examples/CMakeLists.txt	cna_test_skia_easygl_address_mode	${CMAKE_SOURCE_DIR}/modules/renderers/easygl/examples/easygl_texture_address_mode_test.cpp
modules/renderers/skia/examples/CMakeLists.txt	cna_test_skia_easygl_address_mode_mirror	${CMAKE_SOURCE_DIR}/modules/renderers/easygl/examples/easygl_texture_address_mode_mirror_test.cpp
modules/renderers/skia/examples/CMakeLists.txt	cna_test_skia_easygl_clear_overloads	${CMAKE_SOURCE_DIR}/modules/renderers/easygl/examples/easygl_clear_overloads_test.cpp
modules/renderers/skia/examples/CMakeLists.txt	cna_test_skia_easygl_disposed_resource	${CMAKE_SOURCE_DIR}/modules/renderers/easygl/examples/easygl_disposed_resource_test.cpp
modules/renderers/skia/examples/CMakeLists.txt	cna_test_skia_easygl_render_target	${CMAKE_SOURCE_DIR}/modules/renderers/easygl/examples/easygl_render_target_test.cpp
modules/renderers/skia/examples/CMakeLists.txt	cna_test_skia_easygl_rendertarget2d_mip_complete	${CMAKE_SOURCE_DIR}/modules/renderers/easygl/examples/easygl_rendertarget2d_mip_test.cpp
modules/renderers/skia/examples/CMakeLists.txt	cna_test_skia_easygl_spritebatch_layerdepth	${CMAKE_SOURCE_DIR}/modules/renderers/easygl/examples/easygl_spritebatch_layerdepth_test.cpp
modules/renderers/skia/examples/CMakeLists.txt	cna_test_skia_easygl_spritebatch_rotation	${CMAKE_SOURCE_DIR}/modules/renderers/easygl/examples/easygl_spritebatch_rotation_test.cpp
modules/renderers/skia/examples/CMakeLists.txt	cna_test_skia_easygl_spritebatch_sourcerect	${CMAKE_SOURCE_DIR}/modules/renderers/easygl/examples/easygl_spritebatch_sourcerect_test.cpp
modules/renderers/skia/examples/CMakeLists.txt	cna_test_skia_easygl_spritefont_single	${CMAKE_SOURCE_DIR}/modules/renderers/easygl/examples/easygl_spritefont_single_glyph_test.cpp
modules/renderers/skia/examples/CMakeLists.txt	cna_test_skia_getbackbuffer_after_rt_unbind	${CMAKE_SOURCE_DIR}/modules/renderers/sdl-renderer/examples/sdlrenderer_getbackbufferdata_after_rt_unbind_test.cpp
modules/renderers/skia/examples/CMakeLists.txt	cna_test_skia_npot_texture	${CMAKE_SOURCE_DIR}/modules/renderers/sdl-renderer/examples/sdlrenderer_npot_texture_test.cpp
modules/renderers/skia/examples/CMakeLists.txt	cna_test_skia_rendertarget_sample	${CMAKE_SOURCE_DIR}/modules/renderers/sdl-renderer/examples/sdlrenderer_rendertarget2d_sample_test.cpp
modules/renderers/skia/examples/CMakeLists.txt	cna_test_skia_rendertarget_usage	${CMAKE_SOURCE_DIR}/modules/renderers/sdl-renderer/examples/sdlrenderer_rendertarget_usage_test.cpp
modules/renderers/skia/examples/CMakeLists.txt	cna_test_skia_rendertargetcube_properties	${CMAKE_SOURCE_DIR}/modules/renderers/easygl/examples/easygl_rendertargetcube_properties_test.cpp
modules/renderers/skia/examples/CMakeLists.txt	cna_test_skia_sprite_effects	${CMAKE_SOURCE_DIR}/modules/renderers/sdl-renderer/examples/sdlrenderer_sprite_effects_test.cpp
modules/renderers/skia/examples/CMakeLists.txt	cna_test_skia_spritebatch_begin_end	${CMAKE_SOURCE_DIR}/modules/renderers/sdl-renderer/examples/sdlrenderer_spritebatch_begin_end_guard_test.cpp
modules/renderers/skia/examples/CMakeLists.txt	cna_test_skia_spritebatch_deferred_order	${CMAKE_SOURCE_DIR}/modules/renderers/sdl-renderer/examples/sdlrenderer_spritebatch_deferred_order_test.cpp
modules/renderers/skia/examples/CMakeLists.txt	cna_test_skia_spritebatch_immediate_flush	${CMAKE_SOURCE_DIR}/modules/renderers/sdl-renderer/examples/sdlrenderer_spritebatch_immediate_flush_test.cpp
modules/renderers/skia/examples/CMakeLists.txt	cna_test_skia_spritebatch_layerdepth	${CMAKE_SOURCE_DIR}/modules/renderers/sdl-renderer/examples/sdlrenderer_spritebatch_layerdepth_test.cpp
modules/renderers/skia/examples/CMakeLists.txt	cna_test_skia_spritebatch_overloads	${CMAKE_SOURCE_DIR}/modules/renderers/sdl-renderer/examples/sdlrenderer_spritebatch_overloads_test.cpp
modules/renderers/skia/examples/CMakeLists.txt	cna_test_skia_spritebatch_rasterizerstate	${CMAKE_SOURCE_DIR}/modules/renderers/software/examples/software_spritebatch_rasterizerstate_test.cpp
modules/renderers/skia/examples/CMakeLists.txt	cna_test_skia_spritebatch_rotation	${CMAKE_SOURCE_DIR}/modules/renderers/sdl-renderer/examples/sdlrenderer_spritebatch_rotation_test.cpp
modules/renderers/skia/examples/CMakeLists.txt	cna_test_skia_spritebatch_scale	${CMAKE_SOURCE_DIR}/modules/renderers/sdl-renderer/examples/sdlrenderer_spritebatch_scale_test.cpp
modules/renderers/skia/examples/CMakeLists.txt	cna_test_skia_spritebatch_sourcerect	${CMAKE_SOURCE_DIR}/modules/renderers/sdl-renderer/examples/sdlrenderer_spritebatch_sourcerect_test.cpp
modules/renderers/skia/examples/CMakeLists.txt	cna_test_skia_spritebatch_texture_sort	${CMAKE_SOURCE_DIR}/modules/renderers/sdl-renderer/examples/sdlrenderer_spritebatch_texture_sort_test.cpp
modules/renderers/skia/examples/CMakeLists.txt	cna_test_skia_spritefont_default_char	${CMAKE_SOURCE_DIR}/modules/renderers/sdl-renderer/examples/sdlrenderer_spritefont_default_char_test.cpp
modules/renderers/skia/examples/CMakeLists.txt	cna_test_skia_spritefont_effects	${CMAKE_SOURCE_DIR}/modules/renderers/sdl-renderer/examples/sdlrenderer_spritefont_effects_test.cpp
modules/renderers/skia/examples/CMakeLists.txt	cna_test_skia_spritefont_multiglyph_spacing	${CMAKE_SOURCE_DIR}/modules/renderers/sdl-renderer/examples/sdlrenderer_spritefont_multiglyph_spacing_test.cpp
modules/renderers/skia/examples/CMakeLists.txt	cna_test_skia_spritefont_newline	${CMAKE_SOURCE_DIR}/modules/renderers/sdl-renderer/examples/sdlrenderer_spritefont_newline_test.cpp
modules/renderers/skia/examples/CMakeLists.txt	cna_test_skia_spritefont_single_glyph	${CMAKE_SOURCE_DIR}/modules/renderers/sdl-renderer/examples/sdlrenderer_spritefont_single_glyph_test.cpp
modules/renderers/skia/examples/CMakeLists.txt	cna_test_skia_texture2d_dispose	${CMAKE_SOURCE_DIR}/modules/renderers/sdl-renderer/examples/sdlrenderer_texture2d_dispose_test.cpp
modules/renderers/skia/examples/CMakeLists.txt	cna_test_skia_texture2d_mip_roundtrip	${CMAKE_SOURCE_DIR}/modules/renderers/easygl/examples/easygl_texture2d_mip_test.cpp
modules/renderers/skia/examples/CMakeLists.txt	cna_test_skia_texture3d_mip	${CMAKE_SOURCE_DIR}/modules/renderers/easygl/examples/easygl_texture3d_mip_test.cpp
modules/renderers/skia/examples/CMakeLists.txt	cna_test_skia_texture3d_partial_box	${CMAKE_SOURCE_DIR}/modules/renderers/easygl/examples/easygl_texture3d_partial_box_test.cpp
modules/renderers/skia/examples/CMakeLists.txt	cna_test_skia_texture3d_partial_box_readback	${CMAKE_SOURCE_DIR}/modules/renderers/easygl/examples/easygl_texture3d_partial_box_readback_test.cpp
modules/renderers/skia/examples/CMakeLists.txt	cna_test_skia_texture3d_slices	${CMAKE_SOURCE_DIR}/modules/renderers/easygl/examples/easygl_texture3d_slices_test.cpp
modules/renderers/skia/examples/CMakeLists.txt	cna_test_skia_texture_filter_point_linear	${CMAKE_SOURCE_DIR}/modules/renderers/sdl-renderer/examples/sdlrenderer_texture_filter_point_vs_linear_test.cpp
modules/renderers/skia/examples/CMakeLists.txt	cna_test_skia_texturecube_content_load	${CMAKE_SOURCE_DIR}/modules/renderers/easygl/examples/easygl_texturecube_content_load_test.cpp
modules/renderers/skia/examples/CMakeLists.txt	cna_test_skia_texturecube_faces	${CMAKE_SOURCE_DIR}/modules/renderers/easygl/examples/easygl_texturecube_faces_test.cpp
modules/renderers/skia/examples/CMakeLists.txt	cna_test_skia_texturecube_mip	${CMAKE_SOURCE_DIR}/modules/renderers/easygl/examples/easygl_texturecube_mip_test.cpp
modules/renderers/skia/examples/CMakeLists.txt	cna_test_skia_texturecube_partial_rect	${CMAKE_SOURCE_DIR}/modules/renderers/easygl/examples/easygl_texturecube_partial_rect_test.cpp
modules/renderers/skia/examples/CMakeLists.txt	cna_test_skia_textured_quad_readback	${CMAKE_SOURCE_DIR}/modules/renderers/easygl/examples/easygl_textured_quad_test.cpp
modules/renderers/skia/examples/CMakeLists.txt	cna_test_skia_transform_matrix	${CMAKE_SOURCE_DIR}/modules/renderers/vulkan/examples/vulkan_transform_matrix_test.cpp
modules/renderers/skia/examples/CMakeLists.txt	cna_test_skia_viewport_project_unproject	${CMAKE_SOURCE_DIR}/modules/renderers/sdl-renderer/examples/sdlrenderer_viewport_project_unproject_test.cpp
modules/renderers/sokol/examples/CMakeLists.txt	cna_test_sokol_3d_viewport	${CMAKE_SOURCE_DIR}/modules/renderers/software/examples/software_3d_viewport_test.cpp
modules/renderers/sokol/examples/CMakeLists.txt	cna_test_sokol_depth_bias	${CMAKE_SOURCE_DIR}/modules/renderers/easygl/examples/easygl_depth_bias_test.cpp
modules/renderers/sokol/examples/CMakeLists.txt	cna_test_sokol_instanced3d	${CMAKE_SOURCE_DIR}/modules/renderers/webgpu/examples/webgpu_instanced3d_test.cpp
modules/renderers/sokol/examples/CMakeLists.txt	cna_test_sokol_mrt	${CMAKE_SOURCE_DIR}/modules/renderers/easygl/examples/easygl_mrt_test.cpp
modules/renderers/sokol/examples/CMakeLists.txt	cna_test_sokol_occlusion_query_occluded_quad	${CMAKE_SOURCE_DIR}/modules/renderers/easygl/examples/easygl_occlusion_query_occluded_quad_test.cpp
modules/renderers/sokol/examples/CMakeLists.txt	cna_test_sokol_occlusion_query_visible_quad	${CMAKE_SOURCE_DIR}/modules/renderers/easygl/examples/easygl_occlusion_query_visible_quad_test.cpp
modules/renderers/sokol/examples/CMakeLists.txt	cna_test_sokol_rendertarget2d_mip	${CMAKE_SOURCE_DIR}/modules/renderers/easygl/examples/easygl_rendertarget2d_mip_test.cpp
modules/renderers/sokol/examples/CMakeLists.txt	cna_test_sokol_rendertarget2d_msaa	${CMAKE_SOURCE_DIR}/modules/renderers/easygl/examples/easygl_rendertarget2d_msaa_test.cpp
modules/renderers/sokol/examples/CMakeLists.txt	cna_test_sokol_shader_effect	${CMAKE_SOURCE_DIR}/modules/renderers/easygl/examples/easygl_shader_effect_test.cpp
modules/renderers/sokol/examples/CMakeLists.txt	cna_test_sokol_shader_effect_3d	${CMAKE_SOURCE_DIR}/modules/renderers/easygl/examples/easygl_shadereffect_3d_test.cpp
modules/renderers/vulkan/examples/CMakeLists.txt	cna_test_vulkan_avatar_attach_part	${CMAKE_SOURCE_DIR}/modules/gamer-services/examples/avatar_attach_part_integration_test.cpp
modules/renderers/vulkan/examples/CMakeLists.txt	cna_test_vulkan_avatar_real_render	${CMAKE_SOURCE_DIR}/modules/gamer-services/examples/avatar_real_render_integration_test.cpp
modules/renderers/vulkan/examples/CMakeLists.txt	cna_test_vulkan_avatar_tint_routing	${CMAKE_SOURCE_DIR}/modules/gamer-services/examples/avatar_tint_routing_integration_test.cpp
modules/renderers/vulkan/examples/CMakeLists.txt	cna_test_vulkan_blendstate_additive	${CMAKE_SOURCE_DIR}/modules/renderers/easygl/examples/easygl_blendstate_additive_test.cpp
modules/renderers/vulkan/examples/CMakeLists.txt	cna_test_vulkan_blendstate_alphablend	${CMAKE_SOURCE_DIR}/modules/renderers/easygl/examples/easygl_blendstate_alphablend_test.cpp
modules/renderers/vulkan/examples/CMakeLists.txt	cna_test_vulkan_blendstate_blendfactor	${CMAKE_SOURCE_DIR}/modules/renderers/easygl/examples/easygl_blendstate_blendfactor_test.cpp
modules/renderers/vulkan/examples/CMakeLists.txt	cna_test_vulkan_blendstate_nonpremultiplied	${CMAKE_SOURCE_DIR}/modules/renderers/easygl/examples/easygl_blendstate_nonpremultiplied_test.cpp
modules/renderers/vulkan/examples/CMakeLists.txt	cna_test_vulkan_blendstate_opaque	${CMAKE_SOURCE_DIR}/modules/renderers/easygl/examples/easygl_blendstate_opaque_test.cpp
modules/renderers/vulkan/examples/CMakeLists.txt	cna_test_vulkan_blendstate_separate_factors	${CMAKE_SOURCE_DIR}/modules/renderers/easygl/examples/easygl_blendstate_separate_factors_test.cpp
modules/renderers/vulkan/examples/CMakeLists.txt	cna_test_vulkan_blendstate_separate_functions	${CMAKE_SOURCE_DIR}/modules/renderers/easygl/examples/easygl_blendstate_separate_functions_test.cpp
modules/renderers/vulkan/examples/CMakeLists.txt	cna_test_vulkan_depthstencilstate_compare_function	${CMAKE_SOURCE_DIR}/modules/renderers/easygl/examples/easygl_depthstencilstate_compare_function_test.cpp
modules/renderers/vulkan/examples/CMakeLists.txt	cna_test_vulkan_depthstencilstate_stencil_enable	${CMAKE_SOURCE_DIR}/modules/renderers/easygl/examples/easygl_depthstencilstate_stencil_enable_test.cpp
modules/renderers/vulkan/examples/CMakeLists.txt	cna_test_vulkan_depthstencilstate_stencil_mask	${CMAKE_SOURCE_DIR}/modules/renderers/easygl/examples/easygl_depthstencilstate_stencil_mask_test.cpp
modules/renderers/vulkan/examples/CMakeLists.txt	cna_test_vulkan_depthstencilstate_stencil_ops	${CMAKE_SOURCE_DIR}/modules/renderers/easygl/examples/easygl_depthstencilstate_stencil_ops_test.cpp
modules/renderers/vulkan/examples/CMakeLists.txt	cna_test_vulkan_depthstencilstate_stencil_twosided	${CMAKE_SOURCE_DIR}/modules/renderers/easygl/examples/easygl_depthstencilstate_stencil_twosided_test.cpp
modules/renderers/vulkan/examples/CMakeLists.txt	cna_test_vulkan_depthstencilstate_write_enable	${CMAKE_SOURCE_DIR}/modules/renderers/easygl/examples/easygl_depthstencilstate_write_enable_test.cpp
modules/renderers/vulkan/examples/CMakeLists.txt	cna_test_vulkan_graphicsdevice_clear_stencil	${CMAKE_SOURCE_DIR}/modules/renderers/easygl/examples/easygl_graphicsdevice_clear_stencil_test.cpp
modules/renderers/vulkan/examples/CMakeLists.txt	cna_test_vulkan_graphicsdevice_clearoptions	${CMAKE_SOURCE_DIR}/modules/renderers/bgfx/examples/bgfx_graphicsdevice_clearoptions_test.cpp
modules/renderers/vulkan/examples/CMakeLists.txt	cna_test_vulkan_graphicsdevice_reference_stencil	${CMAKE_SOURCE_DIR}/modules/renderers/easygl/examples/easygl_graphicsdevice_reference_stencil_test.cpp
modules/renderers/vulkan/examples/CMakeLists.txt	cna_test_vulkan_model_hierarchy_child_mesh	${CMAKE_SOURCE_DIR}/modules/renderers/easygl/examples/easygl_model_hierarchy_child_mesh_test.cpp
modules/renderers/vulkan/examples/CMakeLists.txt	cna_test_vulkan_model_json_reader	${CMAKE_SOURCE_DIR}/modules/renderers/easygl/examples/easygl_model_json_reader_test.cpp
modules/renderers/vulkan/examples/CMakeLists.txt	cna_test_vulkan_model_json_reader_32bit_indices	${CMAKE_SOURCE_DIR}/modules/renderers/easygl/examples/easygl_model_json_reader_32bit_indices_test.cpp
modules/renderers/vulkan/examples/CMakeLists.txt	cna_test_vulkan_model_json_reader_bone_hierarchy	${CMAKE_SOURCE_DIR}/modules/renderers/easygl/examples/easygl_model_json_reader_bone_hierarchy_test.cpp
modules/renderers/vulkan/examples/CMakeLists.txt	cna_test_vulkan_model_json_reader_skeleton	${CMAKE_SOURCE_DIR}/modules/renderers/easygl/examples/easygl_model_json_reader_skeleton_test.cpp
modules/renderers/vulkan/examples/CMakeLists.txt	cna_test_vulkan_model_json_reader_texture	${CMAKE_SOURCE_DIR}/modules/renderers/easygl/examples/easygl_model_json_reader_texture_test.cpp
modules/renderers/vulkan/examples/CMakeLists.txt	cna_test_vulkan_model_skinned_animation_playback	${CMAKE_SOURCE_DIR}/modules/renderers/easygl/examples/easygl_model_skinned_animation_playback_test.cpp
modules/renderers/vulkan/examples/CMakeLists.txt	cna_test_vulkan_model_two_meshes_effects	${CMAKE_SOURCE_DIR}/modules/renderers/easygl/examples/easygl_model_two_meshes_effects_test.cpp
modules/renderers/vulkan/examples/CMakeLists.txt	cna_test_vulkan_mrt_mixed_formats	${CMAKE_SOURCE_DIR}/modules/renderers/bgfx/examples/bgfx_mrt_mixed_formats_test.cpp
modules/renderers/vulkan/examples/CMakeLists.txt	cna_test_vulkan_npot_texture	${CMAKE_SOURCE_DIR}/modules/renderers/easygl/examples/easygl_npot_texture_test.cpp
modules/renderers/vulkan/examples/CMakeLists.txt	cna_test_vulkan_pbreffect_golden	${CMAKE_SOURCE_DIR}/modules/renderers/easygl/examples/easygl_pbreffect_golden_test.cpp
modules/renderers/vulkan/examples/CMakeLists.txt	cna_test_vulkan_rasterizerstate_cullmode	${CMAKE_SOURCE_DIR}/modules/renderers/easygl/examples/easygl_rasterizerstate_cullmode_test.cpp
modules/renderers/vulkan/examples/CMakeLists.txt	cna_test_vulkan_rendertarget2d_properties	${CMAKE_SOURCE_DIR}/modules/renderers/easygl/examples/easygl_rendertarget2d_properties_test.cpp
modules/renderers/vulkan/examples/CMakeLists.txt	cna_test_vulkan_rendertargetcube_properties	${CMAKE_SOURCE_DIR}/modules/renderers/easygl/examples/easygl_rendertargetcube_properties_test.cpp
modules/renderers/vulkan/examples/CMakeLists.txt	cna_test_vulkan_sampler_state_effect	${CMAKE_SOURCE_DIR}/modules/renderers/easygl/examples/easygl_sampler_state_effect_test.cpp
modules/renderers/vulkan/examples/CMakeLists.txt	cna_test_vulkan_skinnedeffect_vertexcolor_reused	${CMAKE_SOURCE_DIR}/modules/renderers/easygl/examples/easygl_skinnedeffect_vertexcolor_test.cpp
modules/renderers/vulkan/examples/CMakeLists.txt	cna_test_vulkan_skinnedpbreffect_golden	${CMAKE_SOURCE_DIR}/modules/renderers/easygl/examples/easygl_skinnedpbreffect_golden_test.cpp
modules/renderers/vulkan/examples/CMakeLists.txt	cna_test_vulkan_sprite_effects	${CMAKE_SOURCE_DIR}/modules/renderers/easygl/examples/easygl_sprite_effects_test.cpp
modules/renderers/vulkan/examples/CMakeLists.txt	cna_test_vulkan_spritebatch_layerdepth	${CMAKE_SOURCE_DIR}/modules/renderers/easygl/examples/easygl_spritebatch_layerdepth_test.cpp
modules/renderers/vulkan/examples/CMakeLists.txt	cna_test_vulkan_spritebatch_rotation	${CMAKE_SOURCE_DIR}/modules/renderers/easygl/examples/easygl_spritebatch_rotation_test.cpp
modules/renderers/vulkan/examples/CMakeLists.txt	cna_test_vulkan_spritebatch_scale	${CMAKE_SOURCE_DIR}/modules/renderers/easygl/examples/easygl_spritebatch_scale_test.cpp
modules/renderers/vulkan/examples/CMakeLists.txt	cna_test_vulkan_spritebatch_sourcerect	${CMAKE_SOURCE_DIR}/modules/renderers/easygl/examples/easygl_spritebatch_sourcerect_test.cpp
modules/renderers/vulkan/examples/CMakeLists.txt	cna_test_vulkan_spritefont_default_char	${CMAKE_SOURCE_DIR}/modules/renderers/easygl/examples/easygl_spritefont_default_char_test.cpp
modules/renderers/vulkan/examples/CMakeLists.txt	cna_test_vulkan_spritefont_multiglyph_spacing	${CMAKE_SOURCE_DIR}/modules/renderers/easygl/examples/easygl_spritefont_multiglyph_spacing_test.cpp
modules/renderers/vulkan/examples/CMakeLists.txt	cna_test_vulkan_spritefont_newline	${CMAKE_SOURCE_DIR}/modules/renderers/easygl/examples/easygl_spritefont_newline_test.cpp
modules/renderers/vulkan/examples/CMakeLists.txt	cna_test_vulkan_spritefont_single_glyph	${CMAKE_SOURCE_DIR}/modules/renderers/easygl/examples/easygl_spritefont_single_glyph_test.cpp
modules/renderers/vulkan/examples/CMakeLists.txt	cna_test_vulkan_surface_format_throws	${CMAKE_SOURCE_DIR}/modules/renderers/easygl/examples/easygl_surface_format_throws_test.cpp
modules/renderers/vulkan/examples/CMakeLists.txt	cna_test_vulkan_texture2d_mip	${CMAKE_SOURCE_DIR}/modules/renderers/easygl/examples/easygl_texture2d_mip_test.cpp
modules/renderers/vulkan/examples/CMakeLists.txt	cna_test_vulkan_texture2d_partial_rect	${CMAKE_SOURCE_DIR}/modules/renderers/easygl/examples/easygl_texture2d_partial_rect_test.cpp
modules/renderers/vulkan/examples/CMakeLists.txt	cna_test_vulkan_texture3d_mip	${CMAKE_SOURCE_DIR}/modules/renderers/easygl/examples/easygl_texture3d_mip_test.cpp
modules/renderers/vulkan/examples/CMakeLists.txt	cna_test_vulkan_texture3d_partial_box_readback	${CMAKE_SOURCE_DIR}/modules/renderers/easygl/examples/easygl_texture3d_partial_box_readback_test.cpp
modules/renderers/vulkan/examples/CMakeLists.txt	cna_test_vulkan_texture3d_slices	${CMAKE_SOURCE_DIR}/modules/renderers/easygl/examples/easygl_texture3d_slices_test.cpp
modules/renderers/vulkan/examples/CMakeLists.txt	cna_test_vulkan_texture_address_mode_clamp_effect	${CMAKE_SOURCE_DIR}/modules/renderers/easygl/examples/easygl_texture_address_mode_clamp_effect_test.cpp
modules/renderers/vulkan/examples/CMakeLists.txt	cna_test_vulkan_texture_address_mode_mirror_effect	${CMAKE_SOURCE_DIR}/modules/renderers/easygl/examples/easygl_texture_address_mode_mirror_effect_test.cpp
modules/renderers/vulkan/examples/CMakeLists.txt	cna_test_vulkan_texture_anisotropic_effect	${CMAKE_SOURCE_DIR}/modules/renderers/easygl/examples/easygl_texture_anisotropic_effect_test.cpp
modules/renderers/vulkan/examples/CMakeLists.txt	cna_test_vulkan_texture_filter_point_vs_linear	${CMAKE_SOURCE_DIR}/modules/renderers/easygl/examples/easygl_texture_filter_point_vs_linear_test.cpp
modules/renderers/vulkan/examples/CMakeLists.txt	cna_test_vulkan_texturecube_content_load	${CMAKE_SOURCE_DIR}/modules/renderers/easygl/examples/easygl_texturecube_content_load_test.cpp
modules/renderers/vulkan/examples/CMakeLists.txt	cna_test_vulkan_texturecube_mip	${CMAKE_SOURCE_DIR}/modules/renderers/easygl/examples/easygl_texturecube_mip_test.cpp
modules/renderers/vulkan/examples/CMakeLists.txt	cna_test_vulkan_texturecube_partial_rect	${CMAKE_SOURCE_DIR}/modules/renderers/easygl/examples/easygl_texturecube_partial_rect_test.cpp
modules/renderers/vulkan/examples/CMakeLists.txt	cna_test_vulkan_vertexbuffer_indexbuffer_getdata	${CMAKE_SOURCE_DIR}/modules/renderers/easygl/examples/easygl_vertexbuffer_indexbuffer_getdata_test.cpp
